"samp_name","assay_name","pcr_plate_id","lib_id","seq_run_id","lib_conc","lib_conc_unit","lib_conc_meth","phix_perc","mid_forward","mid_reverse","filename","filename2","checksum_filename","checksum_filename2","associatedSequences","input_read_count","output_read_count","output_otu_num","otu_num_tax_assigned"
"WCOA21.Pool18Sv9.COI.ExtBlanks","ssu18sv9_amaralzettler","P24","WCOA21.Pool18Sv9.COI.ExtBlanks_18Sv9_run5","pmel_ome_run5",0.8,"nM","Qubit Fluorometer",35,"AGCGCCACAC","CTAATGTCTT","WCOA21.Pool18Sv9.COI.ExtBlanks_18Sv9_run5_R1.fastq.gz","WCOA21.Pool18Sv9.COI.ExtBlanks_18Sv9_run5_R2.fastq.gz","9500516d30d3187fa1fa2e62c648d7f4","edae3f1a55f6e06db2e044b02a1f9193","",175814,96455.0,547.0,215.0
"WCOA21.Pool18Sv9.COI.ExtBlanks","COI_1835-2198_lerayfolmer","P24","WCOA21.Pool18Sv9.COI.ExtBlanks_COI_run5","pmel_ome_run5",0.8,"nM","Qubit Fluorometer",35,"AGCGCCACAC","CTAATGTCTT","WCOA21.Pool18Sv9.COI.ExtBlanks_COI_run5_R1.fastq.gz","WCOA21.Pool18Sv9.COI.ExtBlanks_COI_run5_R2.fastq.gz","65981a9d50430675754e63872096223a","40d3974f7fef48ad0165496479e0109e","",19813,17254.0,35.0,25.0
"run5.18Sv9.POSITIVE","ssu18sv9_amaralzettler","P25","run5.18Sv9.POSITIVE_18Sv9_run5","pmel_ome_run5",0.8,"nM","Qubit Fluorometer",35,"TCTTGTCGGC","CCACCTGTGT","run5.18Sv9.POSITIVE_18Sv9_run5_R1.fastq.gz","run5.18Sv9.POSITIVE_18Sv9_run5_R2.fastq.gz","37df1567b6b0fee96826cd2c7f3e4084","bd176a7ccc526825b2d3ff4f1a89c6a6","",305084,295746.0,49.0,34.0
"run5.COI.POSITIVE","COI_1835-2198_lerayfolmer","P25","run5.COI.POSITIVE_COI_run5","pmel_ome_run5",0.8,"nM","Qubit Fluorometer",35,"TCTTGTCGGC","CCACCTGTGT","run5.COI.POSITIVE_COI_run5_R1.fastq.gz","run5.COI.POSITIVE_COI_run5_R2.fastq.gz","0a2a317547e27faf24af3d9e60bc0afa","7aaa0f478299b4a58c9364756680df84","",150136,132015.0,30.0,8.0
"P116.E.WCOA21","lsu16s_2434-2571_kelly","P26","P116.E.WCOA21_Kelly16S_run5","pmel_ome_run5",0.8,"nM","Qubit Fluorometer",35,"TACCGCCTCG","CCTCGCAACC","P116.E.WCOA21_Kelly16S_run5_R1.fastq.gz","P116.E.WCOA21_Kelly16S_run5_R2.fastq.gz","5f1b5a120c59b42608cc8c567b44e6f0","496d7277a426ea25a1ed15a6bee56892","",746015,527326.0,84.0,20.0
"P117.E.WCOA21","lsu16s_2434-2571_kelly","P26","P117.E.WCOA21_Kelly16S_run5","pmel_ome_run5",0.8,"nM","Qubit Fluorometer",35,"CTGTTATATC","GTATAGCTGT","P117.E.WCOA21_Kelly16S_run5_R1.fastq.gz","P117.E.WCOA21_Kelly16S_run5_R2.fastq.gz","eac4a5d54599c3e6af381756d1202cda","fcf11dc7629dc2632b05435279c770d9","",833210,653174.0,214.0,56.0
"P118.E.WCOA21","lsu16s_2434-2571_kelly","P26","P118.E.WCOA21_Kelly16S_run5","pmel_ome_run5",0.8,"nM","Qubit Fluorometer",35,"TAACCGGCGA","GCTACATTAG","P118.E.WCOA21_Kelly16S_run5_R1.fastq.gz","P118.E.WCOA21_Kelly16S_run5_R2.fastq.gz","8317aa2fe1f27e2654b0dc0be9c0e5ff","ec39b6ea7d9e2a4708e64c225c3e42fb","",819502,575744.0,318.0,81.0
"P119.E.WCOA21","lsu16s_2434-2571_kelly","P26","P119.E.WCOA21_Kelly16S_run5","pmel_ome_run5",0.8,"nM","Qubit Fluorometer",35,"AAGAGAGTCT","TACGAATCTT","P119.E.WCOA21_Kelly16S_run5_R1.fastq.gz","P119.E.WCOA21_Kelly16S_run5_R2.fastq.gz","963ef3c629c04d74ff110a4dfdd18b47","a51437bf5066f2cba6b4dbf5a27038d5","",977056,434420.0,241.0,61.0
"P120.E.WCOA21","lsu16s_2434-2571_kelly","P26","P120.E.WCOA21_Kelly16S_run5","pmel_ome_run5",0.8,"nM","Qubit Fluorometer",35,"GTAGGCGAGC","TAGGAGCGCA","P120.E.WCOA21_Kelly16S_run5_R1.fastq.gz","P120.E.WCOA21_Kelly16S_run5_R2.fastq.gz","2b28d7c949b6d3a42e0a56a7e6c10537","de6dd3351fdbf707eba82fa42d6c5872","",783238,477803.0,246.0,76.0
"P121.E.WCOA21","lsu16s_2434-2571_kelly","P26","P121.E.WCOA21_Kelly16S_run5","pmel_ome_run5",0.8,"nM","Qubit Fluorometer",35,"AACTTATCCT","GTACTGGCGT","P121.E.WCOA21_Kelly16S_run5_R1.fastq.gz","P121.E.WCOA21_Kelly16S_run5_R2.fastq.gz","19beb7aa8932b6e461478e2b80ab5396","afe21f44f044b5cdd62e735ba0e40f81","",281780,266542.0,89.0,27.0
"P122.E.WCOA21","lsu16s_2434-2571_kelly","P26","P122.E.WCOA21_Kelly16S_run5","pmel_ome_run5",0.8,"nM","Qubit Fluorometer",35,"ATTATGTCTC","AGTTAAGAGC","P122.E.WCOA21_Kelly16S_run5_R1.fastq.gz","P122.E.WCOA21_Kelly16S_run5_R2.fastq.gz","42ba4040719e9e11483ee530e5dff872","2964bef664af49b1e023868973181775","",850444,630141.0,191.0,38.0
"P123.E.WCOA21","lsu16s_2434-2571_kelly","P26","P123.E.WCOA21_Kelly16S_run5","pmel_ome_run5",0.8,"nM","Qubit Fluorometer",35,"TATAACAGCT","TCGCGTATAA","P123.E.WCOA21_Kelly16S_run5_R1.fastq.gz","P123.E.WCOA21_Kelly16S_run5_R2.fastq.gz","d07f735e4628f1770f7253b883b1eb5a","8191764691e87b9dc0bd183621594204","",1121357,538584.0,141.0,42.0
"P124.E.WCOA21","lsu16s_2434-2571_kelly","P26","P124.E.WCOA21_Kelly16S_run5","pmel_ome_run5",0.8,"nM","Qubit Fluorometer",35,"CCAATGATAC","GAGTGTGCCG","P124.E.WCOA21_Kelly16S_run5_R1.fastq.gz","P124.E.WCOA21_Kelly16S_run5_R2.fastq.gz","173e3fb886110b46b7a46f2cade014a4","0eac9cb37e9bbc0d38a5cb058306a02f","",859302,762306.0,300.0,107.0
"P125.E.WCOA21","lsu16s_2434-2571_kelly","P26","P125.E.WCOA21_Kelly16S_run5","pmel_ome_run5",0.8,"nM","Qubit Fluorometer",35,"GAGGCCTATT","CTAGTCCGGA","P125.E.WCOA21_Kelly16S_run5_R1.fastq.gz","P125.E.WCOA21_Kelly16S_run5_R2.fastq.gz","574ca5b93db257b6091d60a450847f0e","97b55d989088e34a3d726420aedd00ea","",222993,215826.0,130.0,33.0
"P126.E.WCOA21","lsu16s_2434-2571_kelly","P26","P126.E.WCOA21_Kelly16S_run5","pmel_ome_run5",0.8,"nM","Qubit Fluorometer",35,"AGCTAAGCGG","ATTAATACGC","P126.E.WCOA21_Kelly16S_run5_R1.fastq.gz","P126.E.WCOA21_Kelly16S_run5_R2.fastq.gz","f696427bea8bbb60c4ff01bde440a276","fcc7788044a7f565e9cf1fb19905291a","",692438,639705.0,122.0,27.0
"P127.E.WCOA21","lsu16s_2434-2571_kelly","P26","P127.E.WCOA21_Kelly16S_run5","pmel_ome_run5",0.8,"nM","Qubit Fluorometer",35,"CTTCCTAGGA","CCTAGAGTAT","P127.E.WCOA21_Kelly16S_run5_R1.fastq.gz","P127.E.WCOA21_Kelly16S_run5_R2.fastq.gz","9bcf790678ec902ecc7dd71c4758f498","0d8d1760ac05d5c497e692d7bb0d698a","",604235,322500.0,117.0,45.0
"P128.E.WCOA21","lsu16s_2434-2571_kelly","P26","P128.E.WCOA21_Kelly16S_run5","pmel_ome_run5",0.8,"nM","Qubit Fluorometer",35,"CGATCTGTGA","TAGGAAGACT","P128.E.WCOA21_Kelly16S_run5_R1.fastq.gz","P128.E.WCOA21_Kelly16S_run5_R2.fastq.gz","23f64b82fd21bab1c314f364104ecec1","68e6c847599df210c5a64780f9269e7a","",863208,647935.0,202.0,65.0
"P129.E.WCOA21","lsu16s_2434-2571_kelly","P26","P129.E.WCOA21_Kelly16S_run5","pmel_ome_run5",0.8,"nM","Qubit Fluorometer",35,"GTGGACAAGT","CCGTGGCCTT","P129.E.WCOA21_Kelly16S_run5_R1.fastq.gz","P129.E.WCOA21_Kelly16S_run5_R2.fastq.gz","cc9af43e6fb8294eb84a69fbcc764f69","aaba5161c3e4ea9c918308080ac12c1d","",863459,438027.0,128.0,46.0
"P130.E.WCOA21","lsu16s_2434-2571_kelly","P26","P130.E.WCOA21_Kelly16S_run5","pmel_ome_run5",0.8,"nM","Qubit Fluorometer",35,"AACAAGTACA","GGATATATCC","P130.E.WCOA21_Kelly16S_run5_R1.fastq.gz","P130.E.WCOA21_Kelly16S_run5_R2.fastq.gz","f27dc1ee7676c6d83d6940acd71e7a98","540c6c34edc153b6f54651fbfd3bfdfc","",812773,279062.0,282.0,86.0
"P131.E.WCOA21","lsu16s_2434-2571_kelly","P26","P131.E.WCOA21_Kelly16S_run5","pmel_ome_run5",0.8,"nM","Qubit Fluorometer",35,"AGATTAAGTG","CACCTCTTGG","P131.E.WCOA21_Kelly16S_run5_R1.fastq.gz","P131.E.WCOA21_Kelly16S_run5_R2.fastq.gz","2cd9246fd79ad15fd9b3daaa15b7f629","11bd3dc50374163395dbafcf6af172cd","",843046,573072.0,312.0,96.0
"P132.E.WCOA21","lsu16s_2434-2571_kelly","P26","P132.E.WCOA21_Kelly16S_run5","pmel_ome_run5",0.8,"nM","Qubit Fluorometer",35,"TATCACTCTG","AACGTTACAT","P132.E.WCOA21_Kelly16S_run5_R1.fastq.gz","P132.E.WCOA21_Kelly16S_run5_R2.fastq.gz","6f518d88495a132ade49e959890e20d3","68a713642e5ab587d96a8f3adae51d2c","",950825,629931.0,165.0,61.0
"P133.E.WCOA21","lsu16s_2434-2571_kelly","P26","P133.E.WCOA21_Kelly16S_run5","pmel_ome_run5",0.8,"nM","Qubit Fluorometer",35,"AGAATTCGCC","CGGCAAGCTC","P133.E.WCOA21_Kelly16S_run5_R1.fastq.gz","P133.E.WCOA21_Kelly16S_run5_R2.fastq.gz","bdecf5201c5991d57a7949b0cd147f23","8bce7182d9a5c7cab66b787db2356af9","",815506,652702.0,165.0,50.0
"P134.E.WCOA21","lsu16s_2434-2571_kelly","P26","P134.E.WCOA21_Kelly16S_run5","pmel_ome_run5",0.8,"nM","Qubit Fluorometer",35,"CCTGACCACT","TCTTGGCTAT","P134.E.WCOA21_Kelly16S_run5_R1.fastq.gz","P134.E.WCOA21_Kelly16S_run5_R2.fastq.gz","f1c07dfad3563c0303201b9802f23727","57d08d971bc92249560118b2700b8dc4","",701861,409707.0,156.0,55.0
"P135.E.WCOA21","lsu16s_2434-2571_kelly","P26","P135.E.WCOA21_Kelly16S_run5","pmel_ome_run5",0.8,"nM","Qubit Fluorometer",35,"AGCTGGAATG","ACGGAATGCG","P135.E.WCOA21_Kelly16S_run5_R1.fastq.gz","P135.E.WCOA21_Kelly16S_run5_R2.fastq.gz","e30b7f7f1a0cdf74ae4270bada001787","0826a7b03bc6c6350a3fe4cbd746e73a","",652018,540742.0,331.0,83.0
"P136.E.WCOA21","lsu16s_2434-2571_kelly","P26","P136.E.WCOA21_Kelly16S_run5","pmel_ome_run5",0.8,"nM","Qubit Fluorometer",35,"TGATAACGAG","GTTCCGCAGG","P136.E.WCOA21_Kelly16S_run5_R1.fastq.gz","P136.E.WCOA21_Kelly16S_run5_R2.fastq.gz","deeca470c1ddbde2d99c8921ca1b49f5","49c5bd6b73ce54d287df251d0c2f81ef","",797954,561864.0,171.0,70.0
"P137.E.WCOA21","lsu16s_2434-2571_kelly","P26","P137.E.WCOA21_Kelly16S_run5","pmel_ome_run5",0.8,"nM","Qubit Fluorometer",35,"CATAGTAAGG","ACCAAGTTAC","P137.E.WCOA21_Kelly16S_run5_R1.fastq.gz","P137.E.WCOA21_Kelly16S_run5_R2.fastq.gz","6be8b7725707870346b3f2fb5d555d0c","5fc86bc8120afd132d950f0bb24a257f","",747066,566928.0,129.0,52.0
"P138.E.WCOA21","lsu16s_2434-2571_kelly","P26","P138.E.WCOA21_Kelly16S_run5","pmel_ome_run5",0.8,"nM","Qubit Fluorometer",35,"ATTGGCTTCT","TGGCTCGCAG","P138.E.WCOA21_Kelly16S_run5_R1.fastq.gz","P138.E.WCOA21_Kelly16S_run5_R2.fastq.gz","e78957e1d2061e4a00f7fd6f5fdc4d9a","792d4afe2efe5ede9a2c1dec3815eac4","",1191278,472717.0,212.0,53.0
"P139.E.WCOA21","lsu16s_2434-2571_kelly","P26","P139.E.WCOA21_Kelly16S_run5","pmel_ome_run5",0.8,"nM","Qubit Fluorometer",35,"GTACCGATTA","AACTAACGTT","P139.E.WCOA21_Kelly16S_run5_R1.fastq.gz","P139.E.WCOA21_Kelly16S_run5_R2.fastq.gz","59413df01bdd73395ab4da7d08cfaabc","7c65399d8876ada00ec54a395d77f511","",925746,592784.0,170.0,51.0
"P140.E.WCOA21","lsu16s_2434-2571_kelly","P26","P140.E.WCOA21_Kelly16S_run5","pmel_ome_run5",0.8,"nM","Qubit Fluorometer",35,"GAACAATTCC","TAGAGTTGGA","P140.E.WCOA21_Kelly16S_run5_R1.fastq.gz","P140.E.WCOA21_Kelly16S_run5_R2.fastq.gz","0a869660559802159cfbe37581caefc6","07a85810ec5c7fc86bd76ab9dbdf72a0","",283295,270424.0,114.0,39.0
"P141.E.WCOA21","lsu16s_2434-2571_kelly","P26","P141.E.WCOA21_Kelly16S_run5","pmel_ome_run5",0.8,"nM","Qubit Fluorometer",35,"TGTGGTCCGG","AGAGCACTAG","P141.E.WCOA21_Kelly16S_run5_R1.fastq.gz","P141.E.WCOA21_Kelly16S_run5_R2.fastq.gz","bb411c8b388cc7449713cee1bd098973","f62e56484529e88ee3f846491580e634","",727705,597361.0,100.0,36.0
"P142.E.WCOA21","lsu16s_2434-2571_kelly","P26","P142.E.WCOA21_Kelly16S_run5","pmel_ome_run5",0.8,"nM","Qubit Fluorometer",35,"CTTCTAAGTC","ACTCTACAGG","P142.E.WCOA21_Kelly16S_run5_R1.fastq.gz","P142.E.WCOA21_Kelly16S_run5_R2.fastq.gz","2d377a8edbe5e7c6ab09a47fdbcbc158","6547300c2ed6da7beba737e63f603d91","",756245,230777.0,90.0,31.0
"P101.E.WCOA21","lsu16s_2434-2571_kelly","P26","P101.E.WCOA21_Kelly16S_run5","pmel_ome_run5",0.8,"nM","Qubit Fluorometer",35,"AATATTGCCA","CGGTGACACC","P101.E.WCOA21_Kelly16S_run5_R1.fastq.gz","P101.E.WCOA21_Kelly16S_run5_R2.fastq.gz","f482288f67f72eadfa3711f0148fb851","359b1c967591a489fdfe83cdfccff4fb","",789219,674121.0,135.0,33.0
"P144.E.WCOA21","lsu16s_2434-2571_kelly","P26","P144.E.WCOA21_Kelly16S_run5","pmel_ome_run5",0.8,"nM","Qubit Fluorometer",35,"TCGTGCATTC","GCGTTGGTAT","P144.E.WCOA21_Kelly16S_run5_R1.fastq.gz","P144.E.WCOA21_Kelly16S_run5_R2.fastq.gz","22cc807db287799f8a1c7abbc59baa56","7a3928bd78e8966059e5e9a23a851497","",92660,88112.0,86.0,28.0
"P145.E.WCOA21","lsu16s_2434-2571_kelly","P26","P145.E.WCOA21_Kelly16S_run5","pmel_ome_run5",0.8,"nM","Qubit Fluorometer",35,"AAGATACACG","TGTGCTAACA","P145.E.WCOA21_Kelly16S_run5_R1.fastq.gz","P145.E.WCOA21_Kelly16S_run5_R2.fastq.gz","3645a2f845b8d8304c9ef5af38c54c77","23fa1d962b0157413acd90966f9fe918","",165779,157588.0,110.0,30.0
"P146.E.WCOA21","lsu16s_2434-2571_kelly","P26","P146.E.WCOA21_Kelly16S_run5","pmel_ome_run5",0.8,"nM","Qubit Fluorometer",35,"TGCAATGAAT","CCAGAAGTAA","P146.E.WCOA21_Kelly16S_run5_R1.fastq.gz","P146.E.WCOA21_Kelly16S_run5_R2.fastq.gz","e61c2a77c389fd55e62ec0c243445185","e4119d63caf3ca1033020148c6f0f59b","",770365,632495.0,209.0,50.0
"P147.E.WCOA21","lsu16s_2434-2571_kelly","P26","P147.E.WCOA21_Kelly16S_run5","pmel_ome_run5",0.8,"nM","Qubit Fluorometer",35,"CTATGAAGGA","CTTATACCTG","P147.E.WCOA21_Kelly16S_run5_R1.fastq.gz","P147.E.WCOA21_Kelly16S_run5_R2.fastq.gz","5b4d0c14bf00f28f337c1e449ee08f07","55a9bee14044a05ff14b9165c03516d0","",90150,86520.0,55.0,26.0
"P148.E.WCOA21","lsu16s_2434-2571_kelly","P26","P148.E.WCOA21_Kelly16S_run5","pmel_ome_run5",0.8,"nM","Qubit Fluorometer",35,"GAAGACTAGA","ACTAGAACTT","P148.E.WCOA21_Kelly16S_run5_R1.fastq.gz","P148.E.WCOA21_Kelly16S_run5_R2.fastq.gz","eb61505cf63edb0e38f7f954425bacb5","8a1a3f187bd60d4b39ab9f327c02f037","",110971,106670.0,73.0,26.0
"P149.E.WCOA21","lsu16s_2434-2571_kelly","P26","P149.E.WCOA21_Kelly16S_run5","pmel_ome_run5",0.8,"nM","Qubit Fluorometer",35,"AGGAGTCGAG","TTAGGCTTAC","P149.E.WCOA21_Kelly16S_run5_R1.fastq.gz","P149.E.WCOA21_Kelly16S_run5_R2.fastq.gz","5813769772f5e5143a76aa32c02a16fc","68aa3e57e41eed89b7ec2228e8fac76e","",746002,487746.0,174.0,35.0
"P150.E.WCOA21","lsu16s_2434-2571_kelly","P26","P150.E.WCOA21_Kelly16S_run5","pmel_ome_run5",0.8,"nM","Qubit Fluorometer",35,"AACGAGGCCG","ATACCTGGAT","P150.E.WCOA21_Kelly16S_run5_R1.fastq.gz","P150.E.WCOA21_Kelly16S_run5_R2.fastq.gz","c58e5e7dff15c8ac94b6c6a0314dcc11","e07b5da02d77c417aea00c71a8e4d0ec","",828916,505652.0,85.0,35.0
"P152.E.WCOA21","lsu16s_2434-2571_kelly","P26","P152.E.WCOA21_Kelly16S_run5","pmel_ome_run5",0.8,"nM","Qubit Fluorometer",35,"GGTCCGCTTC","CTCACACAAG","P152.E.WCOA21_Kelly16S_run5_R1.fastq.gz","P152.E.WCOA21_Kelly16S_run5_R2.fastq.gz","ff0263093f280b0ab0542f94a77c7b3b","d2e95d140e7fe4d0b5e82c1674cbe664","",161743,156152.0,118.0,42.0
"P153.E.WCOA21","lsu16s_2434-2571_kelly","P26","P153.E.WCOA21_Kelly16S_run5","pmel_ome_run5",0.8,"nM","Qubit Fluorometer",35,"CAACGAGAGC","GAATTGAGTG","P153.E.WCOA21_Kelly16S_run5_R1.fastq.gz","P153.E.WCOA21_Kelly16S_run5_R2.fastq.gz","990c6c5cb98f86947b143abe16bbf9e9","7056a7e9b82fdc4685382a246cc15504","",89638,85450.0,94.0,24.0
"P154.E.WCOA21","lsu16s_2434-2571_kelly","P26","P154.E.WCOA21_Kelly16S_run5","pmel_ome_run5",0.8,"nM","Qubit Fluorometer",35,"ATTGAGGTCC","CGGATTATAT","P154.E.WCOA21_Kelly16S_run5_R1.fastq.gz","P154.E.WCOA21_Kelly16S_run5_R2.fastq.gz","3a1da67b7ead58afc4de2312125c9fa4","bdb887c2c395c8249ca8459c2205dfc3","",724805,300941.0,101.0,32.0
"P155.E.WCOA21","lsu16s_2434-2571_kelly","P26","P155.E.WCOA21_Kelly16S_run5","pmel_ome_run5",0.8,"nM","Qubit Fluorometer",35,"GGAGAGACTC","TTGAAGCAGA","P155.E.WCOA21_Kelly16S_run5_R1.fastq.gz","P155.E.WCOA21_Kelly16S_run5_R2.fastq.gz","c536a0b85b7e105f2e9da63bf0889230","b2190854a8d6142e01dd3f4946db57dd","",108980,104532.0,62.0,22.0
"P156.E.WCOA21","lsu16s_2434-2571_kelly","P26","P156.E.WCOA21_Kelly16S_run5","pmel_ome_run5",0.8,"nM","Qubit Fluorometer",35,"TGGTGTTATG","TCCAATTCTA","P156.E.WCOA21_Kelly16S_run5_R1.fastq.gz","P156.E.WCOA21_Kelly16S_run5_R2.fastq.gz","be9eb9ceb12652add0cca91e65501946","7eac00c03aa4b8d6411a9671c6a3326f","",122655,116100.0,73.0,27.0
"P157.E.WCOA21","lsu16s_2434-2571_kelly","P26","P157.E.WCOA21_Kelly16S_run5","pmel_ome_run5",0.8,"nM","Qubit Fluorometer",35,"CCGCTCCGTT","TACGGCGAAG","P157.E.WCOA21_Kelly16S_run5_R1.fastq.gz","P157.E.WCOA21_Kelly16S_run5_R2.fastq.gz","4f3f87b8be950908611ba082ddd9fe13","020058c0ae43c8aff526014f3a7512c5","",783834,424593.0,210.0,70.0
"P158.E.WCOA21","lsu16s_2434-2571_kelly","P26","P158.E.WCOA21_Kelly16S_run5","pmel_ome_run5",0.8,"nM","Qubit Fluorometer",35,"ATACATCACA","TCTCCATTGA","P158.E.WCOA21_Kelly16S_run5_R1.fastq.gz","P158.E.WCOA21_Kelly16S_run5_R2.fastq.gz","f258eb2e3f96a9001a483f73e3383868","840c85035346ab2d3a4ba3dfbb5d0378","",267311,253061.0,86.0,21.0
"P159.E.WCOA21","lsu16s_2434-2571_kelly","P26","P159.E.WCOA21_Kelly16S_run5","pmel_ome_run5",0.8,"nM","Qubit Fluorometer",35,"TAGGTATGTT","CGAGACCAAG","P159.E.WCOA21_Kelly16S_run5_R1.fastq.gz","P159.E.WCOA21_Kelly16S_run5_R2.fastq.gz","495c7452304ab0ee1f60ac97053110a9","3302539fe98d6953e05baf5d8394edc7","",491040,477545.0,98.0,31.0
"P160.E.WCOA21","lsu16s_2434-2571_kelly","P26","P160.E.WCOA21_Kelly16S_run5","pmel_ome_run5",0.8,"nM","Qubit Fluorometer",35,"CACCTAGCAC","TGCTGGACAT","P160.E.WCOA21_Kelly16S_run5_R1.fastq.gz","P160.E.WCOA21_Kelly16S_run5_R2.fastq.gz","9fafae17520bce1a5447a3a65b98a7af","3f8fdbc7681fce74e2788c80a89b54b6","",852090,634697.0,214.0,84.0
"P161.E.WCOA21","lsu16s_2434-2571_kelly","P26","P161.E.WCOA21_Kelly16S_run5","pmel_ome_run5",0.8,"nM","Qubit Fluorometer",35,"TTCAAGTATG","GATGGTATCG","P161.E.WCOA21_Kelly16S_run5_R1.fastq.gz","P161.E.WCOA21_Kelly16S_run5_R2.fastq.gz","cf18fbb4fd117f15e0d5ce29a33775cf","6ef8d7c6b6a6cc71d99397cee403b79a","",76881,73018.0,66.0,25.0
"P162.E.WCOA21","lsu16s_2434-2571_kelly","P26","P162.E.WCOA21_Kelly16S_run5","pmel_ome_run5",0.8,"nM","Qubit Fluorometer",35,"TTAAGACAAG","GGCTTAATTG","P162.E.WCOA21_Kelly16S_run5_R1.fastq.gz","P162.E.WCOA21_Kelly16S_run5_R2.fastq.gz","b7d572653622bb2e5866d16e5480c751","e247a7d6eff7ad2d9e3d0482fe0eaab9","",969667,472454.0,150.0,36.0
"P163.E.WCOA21","lsu16s_2434-2571_kelly","P26","P163.E.WCOA21_Kelly16S_run5","pmel_ome_run5",0.8,"nM","Qubit Fluorometer",35,"CCAGGCACCA","ACGCTAATTA","P163.E.WCOA21_Kelly16S_run5_R1.fastq.gz","P163.E.WCOA21_Kelly16S_run5_R2.fastq.gz","b61b95ac032f46832d11ac9e83328569","9ad32e62cb91a4c61aa31b3864b49095","",628134,206511.0,105.0,33.0
"P164.E.WCOA21","lsu16s_2434-2571_kelly","P26","P164.E.WCOA21_Kelly16S_run5","pmel_ome_run5",0.8,"nM","Qubit Fluorometer",35,"CACCTCTCTT","CTCGACTCCT","P164.E.WCOA21_Kelly16S_run5_R1.fastq.gz","P164.E.WCOA21_Kelly16S_run5_R2.fastq.gz","620b8fce09aa4ff6f312bb442e3169c8","9cb83e1e14355c1270352fe06ac2bfe0","",95947,91226.0,43.0,10.0
"P102.E.WCOA21","lsu16s_2434-2571_kelly","P26","P102.E.WCOA21_Kelly16S_run5","pmel_ome_run5",0.8,"nM","Qubit Fluorometer",35,"TTCTCGTGCA","ATACACAGAG","P102.E.WCOA21_Kelly16S_run5_R1.fastq.gz","P102.E.WCOA21_Kelly16S_run5_R2.fastq.gz","bbbca209a9995e18a6a7d8b807ebeb9b","0cfed373b3813bdeec6bb2cefac857d2","",454697,430280.0,132.0,46.0
"P166.E.WCOA21","lsu16s_2434-2571_kelly","P26","P166.E.WCOA21_Kelly16S_run5","pmel_ome_run5",0.8,"nM","Qubit Fluorometer",35,"GCTAGGAAGT","TCTCGGACGA","P166.E.WCOA21_Kelly16S_run5_R1.fastq.gz","P166.E.WCOA21_Kelly16S_run5_R2.fastq.gz","a4a1b381b2cbd4fe016ee5d4e062d0cc","4501b1c303e944a899fdd17962a5a408","",296233,283959.0,127.0,44.0
"P103.E.WCOA21","lsu16s_2434-2571_kelly","P26","P103.E.WCOA21_Kelly16S_run5","pmel_ome_run5",0.8,"nM","Qubit Fluorometer",35,"TTAATAGCAC","ACCACGTCTG","P103.E.WCOA21_Kelly16S_run5_R1.fastq.gz","P103.E.WCOA21_Kelly16S_run5_R2.fastq.gz","e8770dbac9416598e5490e2dc4539740","da8c87457f7d9e1e0c3e0f21e343320b","",572263,526503.0,199.0,54.0
"P104.E.WCOA21","lsu16s_2434-2571_kelly","P26","P104.E.WCOA21_Kelly16S_run5","pmel_ome_run5",0.8,"nM","Qubit Fluorometer",35,"CATTCACGCT","GTTGTACTCA","P104.E.WCOA21_Kelly16S_run5_R1.fastq.gz","P104.E.WCOA21_Kelly16S_run5_R2.fastq.gz","83877f730a094f6e867c0eb395c4a0a3","ff3165bd7b7116b47d3c76916a9870b1","",442863,418653.0,318.0,116.0
"P169.E.WCOA21","lsu16s_2434-2571_kelly","P26","P169.E.WCOA21_Kelly16S_run5","pmel_ome_run5",0.8,"nM","Qubit Fluorometer",35,"GGCACTAAGG","TCAGGTCAAC","P169.E.WCOA21_Kelly16S_run5_R1.fastq.gz","P169.E.WCOA21_Kelly16S_run5_R2.fastq.gz","7e06d22cbb99a500e8ed29e6789db79c","2afe8959c5b17221c212659ab2154ce9","",835407,350569.0,180.0,25.0
"P172.E.WCOA21","lsu16s_2434-2571_kelly","P26","P172.E.WCOA21_Kelly16S_run5","pmel_ome_run5",0.8,"nM","Qubit Fluorometer",35,"TGTGTTAGTA","TACTCTGTTA","P172.E.WCOA21_Kelly16S_run5_R1.fastq.gz","P172.E.WCOA21_Kelly16S_run5_R2.fastq.gz","77e0a3888237aa69a1cbb1a137a653c3","4d9a36bfadf88f793a50f760817f9e55","",297559,285145.0,58.0,16.0
"P173.E.WCOA21","lsu16s_2434-2571_kelly","P26","P173.E.WCOA21_Kelly16S_run5","pmel_ome_run5",0.8,"nM","Qubit Fluorometer",35,"CCGGTTCCTA","TATATTCGAG","P173.E.WCOA21_Kelly16S_run5_R1.fastq.gz","P173.E.WCOA21_Kelly16S_run5_R2.fastq.gz","b1e8ca3e3f134e128bf4d53f6c071b67","63ac3a38604b0f954dfc8e4593eebb12","",1239037,474827.0,80.0,31.0
"P174.E.WCOA21","lsu16s_2434-2571_kelly","P26","P174.E.WCOA21_Kelly16S_run5","pmel_ome_run5",0.8,"nM","Qubit Fluorometer",35,"CAACGACCTA","GCGACTCGAT","P174.E.WCOA21_Kelly16S_run5_R1.fastq.gz","P174.E.WCOA21_Kelly16S_run5_R2.fastq.gz","6675ee663b809b80e0e80b63c91c4d0a","6c8addacb92e424527ce44980b8fc44c","",44005,41868.0,46.0,21.0
"P175.E.WCOA21","lsu16s_2434-2571_kelly","P26","P175.E.WCOA21_Kelly16S_run5","pmel_ome_run5",0.8,"nM","Qubit Fluorometer",35,"CGGTCGGCAT","CTAGGCAAGG","P175.E.WCOA21_Kelly16S_run5_R1.fastq.gz","P175.E.WCOA21_Kelly16S_run5_R2.fastq.gz","c1a8672fe0878201ee284b5d48b7bcaf","0faf3b9803daade88c816557fac5deff","",298070,285509.0,126.0,35.0
"P176.E.WCOA21","lsu16s_2434-2571_kelly","P26","P176.E.WCOA21_Kelly16S_run5","pmel_ome_run5",0.8,"nM","Qubit Fluorometer",35,"TCGACGCTAG","CCTCTTCGAA","P176.E.WCOA21_Kelly16S_run5_R1.fastq.gz","P176.E.WCOA21_Kelly16S_run5_R2.fastq.gz","dd76e95d730724c95317970f253e417c","ab942a514ade84f28f2e0f9509dd3b65","",854466,404459.0,77.0,20.0
"P177.E.WCOA21","lsu16s_2434-2571_kelly","P26","P177.E.WCOA21_Kelly16S_run5","pmel_ome_run5",0.8,"nM","Qubit Fluorometer",35,"CTCGTAGGCA","TCATCCTCTT","P177.E.WCOA21_Kelly16S_run5_R1.fastq.gz","P177.E.WCOA21_Kelly16S_run5_R2.fastq.gz","1bc9114d6e4d72f4947a1630a42c5686","891a90f3c919f22bfa18d7fd81a0b623","",142993,138319.0,60.0,21.0
"P178.E.WCOA21","lsu16s_2434-2571_kelly","P26","P178.E.WCOA21_Kelly16S_run5","pmel_ome_run5",0.8,"nM","Qubit Fluorometer",35,"AAGTTCTAGT","GGTAAGATAA","P178.E.WCOA21_Kelly16S_run5_R1.fastq.gz","P178.E.WCOA21_Kelly16S_run5_R2.fastq.gz","8213e05ae4c441c99c6194fec11d9653","4987568ae9c772256590bb1c855f2a85","",808190,513607.0,153.0,44.0
"P179.E.WCOA21","lsu16s_2434-2571_kelly","P26","P179.E.WCOA21_Kelly16S_run5","pmel_ome_run5",0.8,"nM","Qubit Fluorometer",35,"GGCCAATATT","CGGTCCGATA","P179.E.WCOA21_Kelly16S_run5_R1.fastq.gz","P179.E.WCOA21_Kelly16S_run5_R2.fastq.gz","cef144936b9ea11ba61c42d9bb99db56","d39915efd5de7214ae90133d72d3212c","",162773,155110.0,42.0,17.0
"P180.E.WCOA21","lsu16s_2434-2571_kelly","P26","P180.E.WCOA21_Kelly16S_run5","pmel_ome_run5",0.8,"nM","Qubit Fluorometer",35,"CCAAGAGGTG","AACGAGCCAG","P180.E.WCOA21_Kelly16S_run5_R1.fastq.gz","P180.E.WCOA21_Kelly16S_run5_R2.fastq.gz","ab03dae76da277b98000415557a16919","05eb045960b191d20171386d42dc4a85","",634388,515642.0,160.0,53.0
"P181.E.WCOA21","lsu16s_2434-2571_kelly","P26","P181.E.WCOA21_Kelly16S_run5","pmel_ome_run5",0.8,"nM","Qubit Fluorometer",35,"ATATCTGCTT","TAGACAATCT","P181.E.WCOA21_Kelly16S_run5_R1.fastq.gz","P181.E.WCOA21_Kelly16S_run5_R2.fastq.gz","bd1784aa39afc8004f1a60fe78195338","4e101a80fb83f17ecd9cbf4fb447ef6d","",88464,84786.0,63.0,21.0
"P182.E.WCOA21","lsu16s_2434-2571_kelly","P26","P182.E.WCOA21_Kelly16S_run5","pmel_ome_run5",0.8,"nM","Qubit Fluorometer",35,"TGGATCTGGC","CAATGCTGAA","P182.E.WCOA21_Kelly16S_run5_R1.fastq.gz","P182.E.WCOA21_Kelly16S_run5_R2.fastq.gz","3405695427f36164e347fe1c9a79a8c6","5f0989becea81370023d42850aa6bf46","",388216,365399.0,88.0,29.0
"P183.E.WCOA21","lsu16s_2434-2571_kelly","P26","P183.E.WCOA21_Kelly16S_run5","pmel_ome_run5",0.8,"nM","Qubit Fluorometer",35,"TTGAATCCAA","GTCACGGTGT","P183.E.WCOA21_Kelly16S_run5_R1.fastq.gz","P183.E.WCOA21_Kelly16S_run5_R2.fastq.gz","d73526ac90e0d61a4e1787eabcf71ef1","7f61f0859b6a5f31d2a49fc04b721732","",972811,452757.0,177.0,55.0
"P105.E.WCOA21","lsu16s_2434-2571_kelly","P26","P105.E.WCOA21_Kelly16S_run5","pmel_ome_run5",0.8,"nM","Qubit Fluorometer",35,"CACGGCTAGT","GGTGTACAAG","P105.E.WCOA21_Kelly16S_run5_R1.fastq.gz","P105.E.WCOA21_Kelly16S_run5_R2.fastq.gz","62e8ccbbd76b5da2952b37d8b7c3079a","b8d78e232fe819b1c776f815b1369534","",837132,431921.0,257.0,99.0
"P185.E.WCOA21","lsu16s_2434-2571_kelly","P26","P185.E.WCOA21_Kelly16S_run5","pmel_ome_run5",0.8,"nM","Qubit Fluorometer",35,"GAGCTTGCCG","AGGTTGCAGG","P185.E.WCOA21_Kelly16S_run5_R1.fastq.gz","P185.E.WCOA21_Kelly16S_run5_R2.fastq.gz","161ba97bcce2708536ec339882f930ca","39305711ab12f2381db6848d5a08c8fc","",719433,520566.0,128.0,32.0
"P186.E.WCOA21","lsu16s_2434-2571_kelly","P26","P186.E.WCOA21_Kelly16S_run5","pmel_ome_run5",0.8,"nM","Qubit Fluorometer",35,"GAATACCTAT","ACAATAGAGT","P186.E.WCOA21_Kelly16S_run5_R1.fastq.gz","P186.E.WCOA21_Kelly16S_run5_R2.fastq.gz","f5c62c25141c414cd739000f077c8513","2f9e7a8874fafcf30adefddf7fa3be2d","",927855,600819.0,165.0,54.0
"P187.E.WCOA21","lsu16s_2434-2571_kelly","P26","P187.E.WCOA21_Kelly16S_run5","pmel_ome_run5",0.8,"nM","Qubit Fluorometer",35,"AGCTAGCTTC","TAATACGGAG","P187.E.WCOA21_Kelly16S_run5_R1.fastq.gz","P187.E.WCOA21_Kelly16S_run5_R2.fastq.gz","abfde4fc0f82eb0d8dc4717d617a85a6","7d974e6f29b8a0fedc4fb960c1a7794a","",854279,340371.0,67.0,18.0
"P106.E.WCOA21","lsu16s_2434-2571_kelly","P26","P106.E.WCOA21_Kelly16S_run5","pmel_ome_run5",0.8,"nM","Qubit Fluorometer",35,"CACCTGTTGC","ATTGACACAT","P106.E.WCOA21_Kelly16S_run5_R1.fastq.gz","P106.E.WCOA21_Kelly16S_run5_R2.fastq.gz","da4052b784746142c610570e020d06a8","b76b2734617e9dc958a15f3776004532","",800842,718362.0,66.0,14.0
"P190.E.WCOA21","lsu16s_2434-2571_kelly","P26","P190.E.WCOA21_Kelly16S_run5","pmel_ome_run5",0.8,"nM","Qubit Fluorometer",35,"CGTCACCTTG","CAGCCGATTG","P190.E.WCOA21_Kelly16S_run5_R1.fastq.gz","P190.E.WCOA21_Kelly16S_run5_R2.fastq.gz","846c035c2aae40de8d241c6cd1ce78b5","b7927dbb83f47c01ebf400c1bf09c6f0","",747516,533316.0,206.0,60.0
"P191.E.WCOA21","lsu16s_2434-2571_kelly","P26","P191.E.WCOA21_Kelly16S_run5","pmel_ome_run5",0.8,"nM","Qubit Fluorometer",35,"AATGACTGGT","TCTCACGCGT","P191.E.WCOA21_Kelly16S_run5_R1.fastq.gz","P191.E.WCOA21_Kelly16S_run5_R2.fastq.gz","a5a293a7a082a44c82855e3a631a2383","aed1ac6988e8226ab68f6e743beff80a","",953928,185543.0,61.0,20.0
"P192.E.WCOA21","lsu16s_2434-2571_kelly","P26","P192.E.WCOA21_Kelly16S_run5","pmel_ome_run5",0.8,"nM","Qubit Fluorometer",35,"ATGATTCCGG","CTCTGACGTG","P192.E.WCOA21_Kelly16S_run5_R1.fastq.gz","P192.E.WCOA21_Kelly16S_run5_R2.fastq.gz","75671e251b91e0f96aab44106ec369c2","2f0b21eb139935747ca2157fc1555169","",192325,184901.0,63.0,18.0
"P193.E.WCOA21","lsu16s_2434-2571_kelly","P26","P193.E.WCOA21_Kelly16S_run5","pmel_ome_run5",0.8,"nM","Qubit Fluorometer",35,"TTAGGCTCAA","TCGAATGGAA","P193.E.WCOA21_Kelly16S_run5_R1.fastq.gz","P193.E.WCOA21_Kelly16S_run5_R2.fastq.gz","6f9b6197d32ff0640ccde3fe5a88f378","28aca047fc7063dd5c5e6d41889e4baa","",878468,662457.0,220.0,39.0
"P194.E.WCOA21","lsu16s_2434-2571_kelly","P26","P194.E.WCOA21_Kelly16S_run5","pmel_ome_run5",0.8,"nM","Qubit Fluorometer",35,"TGTAAGGTGG","AAGGCCTTGG","P194.E.WCOA21_Kelly16S_run5_R1.fastq.gz","P194.E.WCOA21_Kelly16S_run5_R2.fastq.gz","306937ef85cb53bf07fdd9911d44c68d","0a27c993453f652d3e00f8cfb73fe46b","",1069864,504892.0,113.0,29.0
"P195.E.WCOA21","lsu16s_2434-2571_kelly","P26","P195.E.WCOA21_Kelly16S_run5","pmel_ome_run5",0.8,"nM","Qubit Fluorometer",35,"CAACTGCAAC","TGAACGCAAC","P195.E.WCOA21_Kelly16S_run5_R1.fastq.gz","P195.E.WCOA21_Kelly16S_run5_R2.fastq.gz","c8fe316fb7c3079c8299e78791834d1b","f7ad208fe29e5a387477981df3ce2a42","",176207,170306.0,78.0,16.0
"P196.E.WCOA21","lsu16s_2434-2571_kelly","P26","P196.E.WCOA21_Kelly16S_run5","pmel_ome_run5",0.8,"nM","Qubit Fluorometer",35,"ACATGAGTGA","CCGCTTAGCT","P196.E.WCOA21_Kelly16S_run5_R1.fastq.gz","P196.E.WCOA21_Kelly16S_run5_R2.fastq.gz","6acf40d841dffb6aed71e5b87f1ee23d","f07586fca68edc0c51c2353e4ce8b041","",843902,782631.0,173.0,33.0
"P197.E.WCOA21","lsu16s_2434-2571_kelly","P26","P197.E.WCOA21_Kelly16S_run5","pmel_ome_run5",0.8,"nM","Qubit Fluorometer",35,"CGCAGCAATT","ATTCCGCTAT","P197.E.WCOA21_Kelly16S_run5_R1.fastq.gz","P197.E.WCOA21_Kelly16S_run5_R2.fastq.gz","4e492bb04306a5114abc031ac9189562","5d58f5c12f20055f45f7b54f5cd38b67","",258112,242839.0,60.0,17.0
"P198.E.WCOA21","lsu16s_2434-2571_kelly","P26","P198.E.WCOA21_Kelly16S_run5","pmel_ome_run5",0.8,"nM","Qubit Fluorometer",35,"GCAACCAGTC","CACCGAGGAA","P198.E.WCOA21_Kelly16S_run5_R1.fastq.gz","P198.E.WCOA21_Kelly16S_run5_R2.fastq.gz","ffece34b694e04646c7f4934b9e4eb56","111bb2499187945b447f48bcd7fa23d4","",975538,388397.0,114.0,27.0
"P199.E.WCOA21","lsu16s_2434-2571_kelly","P26","P199.E.WCOA21_Kelly16S_run5","pmel_ome_run5",0.8,"nM","Qubit Fluorometer",35,"GAGCGACGAT","CGTATAATCA","P199.E.WCOA21_Kelly16S_run5_R1.fastq.gz","P199.E.WCOA21_Kelly16S_run5_R2.fastq.gz","e7d9757a7dd926d64e8224e38752462f","73f0b791719181ca26e72108b2a5cb6b","",87394,83284.0,54.0,14.0
"P200.E.WCOA21","lsu16s_2434-2571_kelly","P26","P200.E.WCOA21_Kelly16S_run5","pmel_ome_run5",0.8,"nM","Qubit Fluorometer",35,"CGAACGCACC","ATGACAGAAC","P200.E.WCOA21_Kelly16S_run5_R1.fastq.gz","P200.E.WCOA21_Kelly16S_run5_R2.fastq.gz","f9f0a9c1872c2668de84f609a3b4b7c1","e9ac2cd7169473a25a196252cca5d866","",1220944,444823.0,115.0,21.0
"P201.E.WCOA21","lsu16s_2434-2571_kelly","P26","P201.E.WCOA21_Kelly16S_run5","pmel_ome_run5",0.8,"nM","Qubit Fluorometer",35,"TCTTACGCCG","ATTCATTGCA","P201.E.WCOA21_Kelly16S_run5_R1.fastq.gz","P201.E.WCOA21_Kelly16S_run5_R2.fastq.gz","9fb5934485eea72e01f43a1786a339fa","c4b368091f671e70cfd45b848b0be30b","",377404,358320.0,124.0,25.0
"P202.E.WCOA21","lsu16s_2434-2571_kelly","P26","P202.E.WCOA21_Kelly16S_run5","pmel_ome_run5",0.8,"nM","Qubit Fluorometer",35,"AGCTGATGTC","TCATGTCCTG","P202.E.WCOA21_Kelly16S_run5_R1.fastq.gz","P202.E.WCOA21_Kelly16S_run5_R2.fastq.gz","af89098a8568900647c81621982305b9","81cef37852d7958551b8888c949c347c","",837840,311999.0,94.0,19.0
"P203.E.WCOA21","lsu16s_2434-2571_kelly","P26","P203.E.WCOA21_Kelly16S_run5","pmel_ome_run5",0.8,"nM","Qubit Fluorometer",35,"ACGTTCCTTA","GACCGCTGTG","P203.E.WCOA21_Kelly16S_run5_R1.fastq.gz","P203.E.WCOA21_Kelly16S_run5_R2.fastq.gz","842683c94b543d8af113f5f2c6c69fe6","076aba52184033b165f3e926e471fbce","",823517,404433.0,177.0,27.0
"P204.E.WCOA21","lsu16s_2434-2571_kelly","P26","P204.E.WCOA21_Kelly16S_run5","pmel_ome_run5",0.8,"nM","Qubit Fluorometer",35,"CTGAATTAGT","AATTCGATCG","P204.E.WCOA21_Kelly16S_run5_R1.fastq.gz","P204.E.WCOA21_Kelly16S_run5_R2.fastq.gz","9590e79a32483b60938f0d2c3364e69b","6adf81e984de6194e3cd829ac6b5998e","",1009633,576042.0,182.0,63.0
"P205.E.WCOA21","lsu16s_2434-2571_kelly","P26","P205.E.WCOA21_Kelly16S_run5","pmel_ome_run5",0.8,"nM","Qubit Fluorometer",35,"TAAGGAGGAA","TTCCGACATT","P205.E.WCOA21_Kelly16S_run5_R1.fastq.gz","P205.E.WCOA21_Kelly16S_run5_R2.fastq.gz","c749987f8e8a4363b35c6b0f7fea62b0","b911b996f62d85066d5369757d936909","",873110,526685.0,158.0,42.0
"P206.E.WCOA21","lsu16s_2434-2571_kelly","P26","P206.E.WCOA21_Kelly16S_run5","pmel_ome_run5",0.8,"nM","Qubit Fluorometer",35,"AGCTTACACA","TGGCACGACC","P206.E.WCOA21_Kelly16S_run5_R1.fastq.gz","P206.E.WCOA21_Kelly16S_run5_R2.fastq.gz","881e156cba8c113c9408ff2bb936045e","d4f24ee67677299009f431b2fc2c90d5","",1132100,800570.0,92.0,45.0
"P207.E.WCOA21","lsu16s_2434-2571_kelly","P26","P207.E.WCOA21_Kelly16S_run5","pmel_ome_run5",0.8,"nM","Qubit Fluorometer",35,"AACCAGCCAC","GCCACAGCAC","P207.E.WCOA21_Kelly16S_run5_R1.fastq.gz","P207.E.WCOA21_Kelly16S_run5_R2.fastq.gz","f696d322f736e669e0ffa4613fea2e6c","8572d03a5d3222def990bcf30b45ed60","",392842,143374.0,4.0,4.0
"P208.E.WCOA21","lsu16s_2434-2571_kelly","P26","P208.E.WCOA21_Kelly16S_run5","pmel_ome_run5",0.8,"nM","Qubit Fluorometer",35,"CTTAAGTCGA","CAGTAGTTGT","P208.E.WCOA21_Kelly16S_run5_R1.fastq.gz","P208.E.WCOA21_Kelly16S_run5_R2.fastq.gz","e2b597613f7b2d8ed0d8add419713235","79d3ec56a2740183046b5b1bf43b254a","",275061,265373.0,95.0,31.0
"P209.E.WCOA21","lsu16s_2434-2571_kelly","P26","P209.E.WCOA21_Kelly16S_run5","pmel_ome_run5",0.8,"nM","Qubit Fluorometer",35,"GCCTAACGTG","AGCTCTCAAG","P209.E.WCOA21_Kelly16S_run5_R1.fastq.gz","P209.E.WCOA21_Kelly16S_run5_R2.fastq.gz","0e51f49f12e1adfe61b713c9b27313b0","f2e4332e35218284a1610b36f57ed9d1","",729822,517311.0,159.0,47.0
"P210.E.WCOA21","lsu16s_2434-2571_kelly","P26","P210.E.WCOA21_Kelly16S_run5","pmel_ome_run5",0.8,"nM","Qubit Fluorometer",35,"CCGCGTATAG","TAGGAACCGG","P210.E.WCOA21_Kelly16S_run5_R1.fastq.gz","P210.E.WCOA21_Kelly16S_run5_R2.fastq.gz","e82e704afb0f3f12944f675c2a0dee50","3f5b3b0b1f52da0338f8ce1419ae2e03","",720398,385574.0,150.0,46.0
"P107.E.WCOA21","lsu16s_2434-2571_kelly","P26","P107.E.WCOA21_Kelly16S_run5","pmel_ome_run5",0.8,"nM","Qubit Fluorometer",35,"ACTTACTTCA","TCTGGAATTA","P107.E.WCOA21_Kelly16S_run5_R1.fastq.gz","P107.E.WCOA21_Kelly16S_run5_R2.fastq.gz","8877e2ae10a992d3c6ef3b205fcb7aab","1668d869c7033921fc0ea898cd29a14e","",904287,799597.0,141.0,31.0
"P116.E.WCOA21","ssu18sv8_machida","P26","P116.E.WCOA21_Machida18S_run5","pmel_ome_run5",0.8,"nM","Qubit Fluorometer",35,"TACCGCCTCG","CCTCGCAACC","P116.E.WCOA21_Machida18S_run5_R1.fastq.gz","P116.E.WCOA21_Machida18S_run5_R2.fastq.gz","058dc22e73f7f1972350219e02db574e","c71091f29bcf807c35ca1a54f06706db","",170420,114049.0,110.0,73.0
"P117.E.WCOA21","ssu18sv8_machida","P26","P117.E.WCOA21_Machida18S_run5","pmel_ome_run5",0.8,"nM","Qubit Fluorometer",35,"CTGTTATATC","GTATAGCTGT","P117.E.WCOA21_Machida18S_run5_R1.fastq.gz","P117.E.WCOA21_Machida18S_run5_R2.fastq.gz","81d3b5c124b50ebfa553ab75b94dea87","571846cbae2501942012f8ee83aa1d26","",194939,117681.0,165.0,109.0
"P118.E.WCOA21","ssu18sv8_machida","P26","P118.E.WCOA21_Machida18S_run5","pmel_ome_run5",0.8,"nM","Qubit Fluorometer",35,"TAACCGGCGA","GCTACATTAG","P118.E.WCOA21_Machida18S_run5_R1.fastq.gz","P118.E.WCOA21_Machida18S_run5_R2.fastq.gz","c1d62ba23def5eceb27bec447bb1835c","cf05ad24b66f652b93f1651a0a242d2a","",174021,91786.0,229.0,161.0
"P119.E.WCOA21","ssu18sv8_machida","P26","P119.E.WCOA21_Machida18S_run5","pmel_ome_run5",0.8,"nM","Qubit Fluorometer",35,"AAGAGAGTCT","TACGAATCTT","P119.E.WCOA21_Machida18S_run5_R1.fastq.gz","P119.E.WCOA21_Machida18S_run5_R2.fastq.gz","b4bc2b71b9ceaf3fabd932f05a8695bc","9e949d8536a6f802b53024a77bae6afb","",124334,77203.0,209.0,146.0
"P120.E.WCOA21","ssu18sv8_machida","P26","P120.E.WCOA21_Machida18S_run5","pmel_ome_run5",0.8,"nM","Qubit Fluorometer",35,"GTAGGCGAGC","TAGGAGCGCA","P120.E.WCOA21_Machida18S_run5_R1.fastq.gz","P120.E.WCOA21_Machida18S_run5_R2.fastq.gz","6c92f3cc9ac40863b4241d33b7bf0bb1","cc639ae993a98ad9b3d41b23a18b2f05","",133837,88313.0,119.0,82.0
"P121.E.WCOA21","ssu18sv8_machida","P26","P121.E.WCOA21_Machida18S_run5","pmel_ome_run5",0.8,"nM","Qubit Fluorometer",35,"AACTTATCCT","GTACTGGCGT","P121.E.WCOA21_Machida18S_run5_R1.fastq.gz","P121.E.WCOA21_Machida18S_run5_R2.fastq.gz","a520a4afbaff3989d05f42342d01034c","fd19886dc031816246a4ee02a478fd58","",149754,121502.0,183.0,117.0
"P122.E.WCOA21","ssu18sv8_machida","P26","P122.E.WCOA21_Machida18S_run5","pmel_ome_run5",0.8,"nM","Qubit Fluorometer",35,"ATTATGTCTC","AGTTAAGAGC","P122.E.WCOA21_Machida18S_run5_R1.fastq.gz","P122.E.WCOA21_Machida18S_run5_R2.fastq.gz","5e218ed19118a89461719930d864a291","44c1bc1fbe202170dde993a858b26952","",167896,94738.0,123.0,80.0
"P123.E.WCOA21","ssu18sv8_machida","P26","P123.E.WCOA21_Machida18S_run5","pmel_ome_run5",0.8,"nM","Qubit Fluorometer",35,"TATAACAGCT","TCGCGTATAA","P123.E.WCOA21_Machida18S_run5_R1.fastq.gz","P123.E.WCOA21_Machida18S_run5_R2.fastq.gz","760bce83bde6dea6511222edaca38920","82f84e02f8e33dfb896974a250273ec3","",175313,87359.0,217.0,147.0
"P124.E.WCOA21","ssu18sv8_machida","P26","P124.E.WCOA21_Machida18S_run5","pmel_ome_run5",0.8,"nM","Qubit Fluorometer",35,"CCAATGATAC","GAGTGTGCCG","P124.E.WCOA21_Machida18S_run5_R1.fastq.gz","P124.E.WCOA21_Machida18S_run5_R2.fastq.gz","2a80019c12e21a7ebb7acb09b828f535","33dd12cfe4ceceb5f838a379ae5c06d5","",188762,108299.0,274.0,192.0
"P125.E.WCOA21","ssu18sv8_machida","P26","P125.E.WCOA21_Machida18S_run5","pmel_ome_run5",0.8,"nM","Qubit Fluorometer",35,"GAGGCCTATT","CTAGTCCGGA","P125.E.WCOA21_Machida18S_run5_R1.fastq.gz","P125.E.WCOA21_Machida18S_run5_R2.fastq.gz","8815ee1e8b0abffc0ce0a342adf566e8","2f3333df89eed3988f5b6ed95da93534","",163785,127435.0,213.0,153.0
"P126.E.WCOA21","ssu18sv8_machida","P26","P126.E.WCOA21_Machida18S_run5","pmel_ome_run5",0.8,"nM","Qubit Fluorometer",35,"AGCTAAGCGG","ATTAATACGC","P126.E.WCOA21_Machida18S_run5_R1.fastq.gz","P126.E.WCOA21_Machida18S_run5_R2.fastq.gz","db4f477d68908c77135874e2edf30d39","a21d89deef59d146ea83b36d0c5c0612","",171525,102790.0,113.0,68.0
"P127.E.WCOA21","ssu18sv8_machida","P26","P127.E.WCOA21_Machida18S_run5","pmel_ome_run5",0.8,"nM","Qubit Fluorometer",35,"CTTCCTAGGA","CCTAGAGTAT","P127.E.WCOA21_Machida18S_run5_R1.fastq.gz","P127.E.WCOA21_Machida18S_run5_R2.fastq.gz","e77f467907c30352dbf180cef3344e4a","4d17d828c367191ada5aa30ce6f33a54","",166238,109312.0,237.0,127.0
"P128.E.WCOA21","ssu18sv8_machida","P26","P128.E.WCOA21_Machida18S_run5","pmel_ome_run5",0.8,"nM","Qubit Fluorometer",35,"CGATCTGTGA","TAGGAAGACT","P128.E.WCOA21_Machida18S_run5_R1.fastq.gz","P128.E.WCOA21_Machida18S_run5_R2.fastq.gz","3ea3267b0a57a18114d62043e5a75205","ac6178f180157c19f957307257ef495a","",170659,78214.0,181.0,128.0
"P129.E.WCOA21","ssu18sv8_machida","P26","P129.E.WCOA21_Machida18S_run5","pmel_ome_run5",0.8,"nM","Qubit Fluorometer",35,"GTGGACAAGT","CCGTGGCCTT","P129.E.WCOA21_Machida18S_run5_R1.fastq.gz","P129.E.WCOA21_Machida18S_run5_R2.fastq.gz","5baab64d3d1b68a98c66cba5be74fd63","e8ebfede2f64dc4a4659d0b9cfae4aab","",163244,70288.0,154.0,115.0
"P130.E.WCOA21","ssu18sv8_machida","P26","P130.E.WCOA21_Machida18S_run5","pmel_ome_run5",0.8,"nM","Qubit Fluorometer",35,"AACAAGTACA","GGATATATCC","P130.E.WCOA21_Machida18S_run5_R1.fastq.gz","P130.E.WCOA21_Machida18S_run5_R2.fastq.gz","1fb44a732d19a27caf5a859bd0f94eb7","467d7eb9a36c55cf5235561f7082c620","",136974,50823.0,96.0,80.0
"P131.E.WCOA21","ssu18sv8_machida","P26","P131.E.WCOA21_Machida18S_run5","pmel_ome_run5",0.8,"nM","Qubit Fluorometer",35,"AGATTAAGTG","CACCTCTTGG","P131.E.WCOA21_Machida18S_run5_R1.fastq.gz","P131.E.WCOA21_Machida18S_run5_R2.fastq.gz","ab7c65a1f01021f24a0fefd49ebbdd33","808d92e2d270fa5a4e2164641e8b0669","",197729,121079.0,216.0,143.0
"P132.E.WCOA21","ssu18sv8_machida","P26","P132.E.WCOA21_Machida18S_run5","pmel_ome_run5",0.8,"nM","Qubit Fluorometer",35,"TATCACTCTG","AACGTTACAT","P132.E.WCOA21_Machida18S_run5_R1.fastq.gz","P132.E.WCOA21_Machida18S_run5_R2.fastq.gz","13e653369ef3eeb71365d82aee7b937e","6248b8b2b242021a409a470cc43ac7f9","",124993,34035.0,106.0,83.0
"P133.E.WCOA21","ssu18sv8_machida","P26","P133.E.WCOA21_Machida18S_run5","pmel_ome_run5",0.8,"nM","Qubit Fluorometer",35,"AGAATTCGCC","CGGCAAGCTC","P133.E.WCOA21_Machida18S_run5_R1.fastq.gz","P133.E.WCOA21_Machida18S_run5_R2.fastq.gz","b623ac3d48a7163cce44eda098e398ee","6f3b88f03fd84e6d6c910d20477d778f","",175984,104378.0,226.0,147.0
"P134.E.WCOA21","ssu18sv8_machida","P26","P134.E.WCOA21_Machida18S_run5","pmel_ome_run5",0.8,"nM","Qubit Fluorometer",35,"CCTGACCACT","TCTTGGCTAT","P134.E.WCOA21_Machida18S_run5_R1.fastq.gz","P134.E.WCOA21_Machida18S_run5_R2.fastq.gz","7ee724e90f7a0a03dbd27871dad8e48b","edca64aeb71db9f03452a6eb11015c22","",155016,89221.0,275.0,163.0
"P135.E.WCOA21","ssu18sv8_machida","P26","P135.E.WCOA21_Machida18S_run5","pmel_ome_run5",0.8,"nM","Qubit Fluorometer",35,"AGCTGGAATG","ACGGAATGCG","P135.E.WCOA21_Machida18S_run5_R1.fastq.gz","P135.E.WCOA21_Machida18S_run5_R2.fastq.gz","110255eb9c3dfc0d4abe4e3a0c2138f5","14640864529704f91754bb925f20e128","",168853,104044.0,375.0,232.0
"P136.E.WCOA21","ssu18sv8_machida","P26","P136.E.WCOA21_Machida18S_run5","pmel_ome_run5",0.8,"nM","Qubit Fluorometer",35,"TGATAACGAG","GTTCCGCAGG","P136.E.WCOA21_Machida18S_run5_R1.fastq.gz","P136.E.WCOA21_Machida18S_run5_R2.fastq.gz","4e6931d8180a6d2a8b3d45e35e8011f4","9950c03f7df18285c41f517d80390862","",153250,99008.0,342.0,227.0
"P137.E.WCOA21","ssu18sv8_machida","P26","P137.E.WCOA21_Machida18S_run5","pmel_ome_run5",0.8,"nM","Qubit Fluorometer",35,"CATAGTAAGG","ACCAAGTTAC","P137.E.WCOA21_Machida18S_run5_R1.fastq.gz","P137.E.WCOA21_Machida18S_run5_R2.fastq.gz","4d924511e3123b7e756cfa17d225b216","2b58311775c3ebd20fd4b4b5434c8898","",155594,79879.0,338.0,234.0
"P138.E.WCOA21","ssu18sv8_machida","P26","P138.E.WCOA21_Machida18S_run5","pmel_ome_run5",0.8,"nM","Qubit Fluorometer",35,"ATTGGCTTCT","TGGCTCGCAG","P138.E.WCOA21_Machida18S_run5_R1.fastq.gz","P138.E.WCOA21_Machida18S_run5_R2.fastq.gz","21ac5a738890cc735f54ae76dd79d0dc","4fb5ea83be4b22124f8faee231592ebe","",179785,96531.0,356.0,222.0
"P139.E.WCOA21","ssu18sv8_machida","P26","P139.E.WCOA21_Machida18S_run5","pmel_ome_run5",0.8,"nM","Qubit Fluorometer",35,"GTACCGATTA","AACTAACGTT","P139.E.WCOA21_Machida18S_run5_R1.fastq.gz","P139.E.WCOA21_Machida18S_run5_R2.fastq.gz","2e8f6c6424754503dc08f9d05014b547","60bf351f63fa1401ffc7bdda4027690a","",183145,105941.0,240.0,142.0
"P140.E.WCOA21","ssu18sv8_machida","P26","P140.E.WCOA21_Machida18S_run5","pmel_ome_run5",0.8,"nM","Qubit Fluorometer",35,"GAACAATTCC","TAGAGTTGGA","P140.E.WCOA21_Machida18S_run5_R1.fastq.gz","P140.E.WCOA21_Machida18S_run5_R2.fastq.gz","6847ddb9ae940d6b6132aac09f58abd0","6e6cb7c798066f7d52d8f3333da308ca","",155723,89385.0,271.0,176.0
"P141.E.WCOA21","ssu18sv8_machida","P26","P141.E.WCOA21_Machida18S_run5","pmel_ome_run5",0.8,"nM","Qubit Fluorometer",35,"TGTGGTCCGG","AGAGCACTAG","P141.E.WCOA21_Machida18S_run5_R1.fastq.gz","P141.E.WCOA21_Machida18S_run5_R2.fastq.gz","6c6ee6a34569090c7d83be84ec2ba028","c5cbb8e8452712e1cfe6c4dc6139e4c2","",192454,116997.0,131.0,85.0
"P142.E.WCOA21","ssu18sv8_machida","P26","P142.E.WCOA21_Machida18S_run5","pmel_ome_run5",0.8,"nM","Qubit Fluorometer",35,"CTTCTAAGTC","ACTCTACAGG","P142.E.WCOA21_Machida18S_run5_R1.fastq.gz","P142.E.WCOA21_Machida18S_run5_R2.fastq.gz","93e6d7e960ee218e61441f309ef52d8c","29acf6bc5019e7fabcc4a91b50707050","",153105,126761.0,106.0,72.0
"P101.E.WCOA21","ssu18sv8_machida","P26","P101.E.WCOA21_Machida18S_run5","pmel_ome_run5",0.8,"nM","Qubit Fluorometer",35,"AATATTGCCA","CGGTGACACC","P101.E.WCOA21_Machida18S_run5_R1.fastq.gz","P101.E.WCOA21_Machida18S_run5_R2.fastq.gz","3c5f24a1aedda27c177bce4eba8fbd8b","5efe44a783263a148f89658dfcd378ef","",122806,70241.0,105.0,70.0
"P144.E.WCOA21","ssu18sv8_machida","P26","P144.E.WCOA21_Machida18S_run5","pmel_ome_run5",0.8,"nM","Qubit Fluorometer",35,"TCGTGCATTC","GCGTTGGTAT","P144.E.WCOA21_Machida18S_run5_R1.fastq.gz","P144.E.WCOA21_Machida18S_run5_R2.fastq.gz","5dd106e68601741ee17d59ced2d33490","e27a6250988c9eaa3eae2ea23a57aa51","",96981,68753.0,62.0,52.0
"P145.E.WCOA21","ssu18sv8_machida","P26","P145.E.WCOA21_Machida18S_run5","pmel_ome_run5",0.8,"nM","Qubit Fluorometer",35,"AAGATACACG","TGTGCTAACA","P145.E.WCOA21_Machida18S_run5_R1.fastq.gz","P145.E.WCOA21_Machida18S_run5_R2.fastq.gz","36c126b4ee30de13bd82be6d6865d2c9","97c6d19b614af5d5eb015514c62e5267","",118905,91979.0,172.0,105.0
"P146.E.WCOA21","ssu18sv8_machida","P26","P146.E.WCOA21_Machida18S_run5","pmel_ome_run5",0.8,"nM","Qubit Fluorometer",35,"TGCAATGAAT","CCAGAAGTAA","P146.E.WCOA21_Machida18S_run5_R1.fastq.gz","P146.E.WCOA21_Machida18S_run5_R2.fastq.gz","b94ea0419db16bdad7a27d4b961494fd","a79f4295587ca91e317c250f6cdf282f","",182584,128354.0,181.0,117.0
"P147.E.WCOA21","ssu18sv8_machida","P26","P147.E.WCOA21_Machida18S_run5","pmel_ome_run5",0.8,"nM","Qubit Fluorometer",35,"CTATGAAGGA","CTTATACCTG","P147.E.WCOA21_Machida18S_run5_R1.fastq.gz","P147.E.WCOA21_Machida18S_run5_R2.fastq.gz","01d7a603e80c9f4851dc35a9a5579a3d","b4c24f2b531427bdf3c5b5d1d27e66c0","",72431,57457.0,67.0,50.0
"P148.E.WCOA21","ssu18sv8_machida","P26","P148.E.WCOA21_Machida18S_run5","pmel_ome_run5",0.8,"nM","Qubit Fluorometer",35,"GAAGACTAGA","ACTAGAACTT","P148.E.WCOA21_Machida18S_run5_R1.fastq.gz","P148.E.WCOA21_Machida18S_run5_R2.fastq.gz","e1cbe10999fa8c0ce4840b27bbe337c7","0c5f566b0f4a2a5ec950a85f4355ffb9","",103085,84214.0,204.0,98.0
"P149.E.WCOA21","ssu18sv8_machida","P26","P149.E.WCOA21_Machida18S_run5","pmel_ome_run5",0.8,"nM","Qubit Fluorometer",35,"AGGAGTCGAG","TTAGGCTTAC","P149.E.WCOA21_Machida18S_run5_R1.fastq.gz","P149.E.WCOA21_Machida18S_run5_R2.fastq.gz","aa38fe115d7990e3485fae1f470f659c","256f109d62e4fc706d57a5a03e4ac114","",189742,139574.0,106.0,68.0
"P150.E.WCOA21","ssu18sv8_machida","P26","P150.E.WCOA21_Machida18S_run5","pmel_ome_run5",0.8,"nM","Qubit Fluorometer",35,"AACGAGGCCG","ATACCTGGAT","P150.E.WCOA21_Machida18S_run5_R1.fastq.gz","P150.E.WCOA21_Machida18S_run5_R2.fastq.gz","42c90334bb3afa340957a6cf49f0de88","c70603c04c465dcf174490e774d60b18","",165534,104099.0,102.0,71.0
"P151.E.WCOA21","ssu18sv8_machida","P26","P151.E.WCOA21_Machida18S_run5","pmel_ome_run5",0.8,"nM","Qubit Fluorometer",35,"TTCACTCACT","TATCATGAGA","P151.E.WCOA21_Machida18S_run5_R1.fastq.gz","P151.E.WCOA21_Machida18S_run5_R2.fastq.gz","590d3ba81cbbeac5064d4af17d090b75","340c69586c1afd1e33d144a649f8ed38","",127456,102245.0,404.0,189.0
"P152.E.WCOA21","ssu18sv8_machida","P26","P152.E.WCOA21_Machida18S_run5","pmel_ome_run5",0.8,"nM","Qubit Fluorometer",35,"GGTCCGCTTC","CTCACACAAG","P152.E.WCOA21_Machida18S_run5_R1.fastq.gz","P152.E.WCOA21_Machida18S_run5_R2.fastq.gz","2a201065982a42336ed9355c8e8b6a11","0560ae68d059ef1e28740250c8371955","",133598,90966.0,80.0,59.0
"P153.E.WCOA21","ssu18sv8_machida","P26","P153.E.WCOA21_Machida18S_run5","pmel_ome_run5",0.8,"nM","Qubit Fluorometer",35,"CAACGAGAGC","GAATTGAGTG","P153.E.WCOA21_Machida18S_run5_R1.fastq.gz","P153.E.WCOA21_Machida18S_run5_R2.fastq.gz","c21eb4ea618f5c1dab952f17495e250b","5baca8872fcf331153af880cbd43c8f8","",176008,135287.0,119.0,92.0
"P154.E.WCOA21","ssu18sv8_machida","P26","P154.E.WCOA21_Machida18S_run5","pmel_ome_run5",0.8,"nM","Qubit Fluorometer",35,"ATTGAGGTCC","CGGATTATAT","P154.E.WCOA21_Machida18S_run5_R1.fastq.gz","P154.E.WCOA21_Machida18S_run5_R2.fastq.gz","17c09fc8ef895d19ae34e7984f9de90b","1ea1a4d3919983ac54edd9dec559d8d1","",171812,108978.0,59.0,52.0
"P155.E.WCOA21","ssu18sv8_machida","P26","P155.E.WCOA21_Machida18S_run5","pmel_ome_run5",0.8,"nM","Qubit Fluorometer",35,"GGAGAGACTC","TTGAAGCAGA","P155.E.WCOA21_Machida18S_run5_R1.fastq.gz","P155.E.WCOA21_Machida18S_run5_R2.fastq.gz","76794914f3953c2d36794ba0d20f02d1","ddbbab50cc9c62dc682ad32f5657cbfc","",154479,91447.0,87.0,68.0
"P156.E.WCOA21","ssu18sv8_machida","P26","P156.E.WCOA21_Machida18S_run5","pmel_ome_run5",0.8,"nM","Qubit Fluorometer",35,"TGGTGTTATG","TCCAATTCTA","P156.E.WCOA21_Machida18S_run5_R1.fastq.gz","P156.E.WCOA21_Machida18S_run5_R2.fastq.gz","3ab8b6732acfc51ff3ee7f0eb3b887fe","dda9c6887b9c90e6bd51543ce79c7b6e","",36558,28036.0,46.0,38.0
"P157.E.WCOA21","ssu18sv8_machida","P26","P157.E.WCOA21_Machida18S_run5","pmel_ome_run5",0.8,"nM","Qubit Fluorometer",35,"CCGCTCCGTT","TACGGCGAAG","P157.E.WCOA21_Machida18S_run5_R1.fastq.gz","P157.E.WCOA21_Machida18S_run5_R2.fastq.gz","c61d9e971c7b51b60b166ca81ef9b639","0e33c7473b985e5f2eff64c11ee46ca3","",177857,112605.0,228.0,150.0
"P158.E.WCOA21","ssu18sv8_machida","P26","P158.E.WCOA21_Machida18S_run5","pmel_ome_run5",0.8,"nM","Qubit Fluorometer",35,"ATACATCACA","TCTCCATTGA","P158.E.WCOA21_Machida18S_run5_R1.fastq.gz","P158.E.WCOA21_Machida18S_run5_R2.fastq.gz","4b0d3313e37d1a5773e9168cf1107d0c","81b5c5706dc976ba17739b4bfa98c6a9","",16029,13156.0,41.0,38.0
"P159.E.WCOA21","ssu18sv8_machida","P26","P159.E.WCOA21_Machida18S_run5","pmel_ome_run5",0.8,"nM","Qubit Fluorometer",35,"TAGGTATGTT","CGAGACCAAG","P159.E.WCOA21_Machida18S_run5_R1.fastq.gz","P159.E.WCOA21_Machida18S_run5_R2.fastq.gz","9ab17604512f6eb8cb5313145df451b2","c89a4f21609a6d6e692d3b26247d7570","",123343,86095.0,89.0,71.0
"P160.E.WCOA21","ssu18sv8_machida","P26","P160.E.WCOA21_Machida18S_run5","pmel_ome_run5",0.8,"nM","Qubit Fluorometer",35,"CACCTAGCAC","TGCTGGACAT","P160.E.WCOA21_Machida18S_run5_R1.fastq.gz","P160.E.WCOA21_Machida18S_run5_R2.fastq.gz","68d6f36da2901a7f792cde6dba495a94","0970ae83e3a1d4605bc464d0f1abce1b","",196559,126842.0,412.0,273.0
"P161.E.WCOA21","ssu18sv8_machida","P26","P161.E.WCOA21_Machida18S_run5","pmel_ome_run5",0.8,"nM","Qubit Fluorometer",35,"TTCAAGTATG","GATGGTATCG","P161.E.WCOA21_Machida18S_run5_R1.fastq.gz","P161.E.WCOA21_Machida18S_run5_R2.fastq.gz","c410b6088ae537e3368b276abef8e191","1a341f6a3239536f1e736fb9b10ea5d7","",63844,47932.0,182.0,113.0
"P162.E.WCOA21","ssu18sv8_machida","P26","P162.E.WCOA21_Machida18S_run5","pmel_ome_run5",0.8,"nM","Qubit Fluorometer",35,"TTAAGACAAG","GGCTTAATTG","P162.E.WCOA21_Machida18S_run5_R1.fastq.gz","P162.E.WCOA21_Machida18S_run5_R2.fastq.gz","294b3dfddbf608e320af088c52c99a5d","9e47ced0368d95b695dc8e54c58f4e27","",193286,126762.0,195.0,131.0
"P163.E.WCOA21","ssu18sv8_machida","P26","P163.E.WCOA21_Machida18S_run5","pmel_ome_run5",0.8,"nM","Qubit Fluorometer",35,"CCAGGCACCA","ACGCTAATTA","P163.E.WCOA21_Machida18S_run5_R1.fastq.gz","P163.E.WCOA21_Machida18S_run5_R2.fastq.gz","ac9e23607c47eebd3b01ca64eab48618","58c01bec929d783d44c42f00315a9c0d","",223034,113779.0,139.0,96.0
"P164.E.WCOA21","ssu18sv8_machida","P26","P164.E.WCOA21_Machida18S_run5","pmel_ome_run5",0.8,"nM","Qubit Fluorometer",35,"CACCTCTCTT","CTCGACTCCT","P164.E.WCOA21_Machida18S_run5_R1.fastq.gz","P164.E.WCOA21_Machida18S_run5_R2.fastq.gz","cde643d9f8bc885970d10fda1c6f1000","1ae2e9705e73dc38c2b4b6eb9d9e6dcc","",591,0.0,0.0,0.0
"P102.E.WCOA21","ssu18sv8_machida","P26","P102.E.WCOA21_Machida18S_run5","pmel_ome_run5",0.8,"nM","Qubit Fluorometer",35,"TTCTCGTGCA","ATACACAGAG","P102.E.WCOA21_Machida18S_run5_R1.fastq.gz","P102.E.WCOA21_Machida18S_run5_R2.fastq.gz","2746e91a1926b939b4bde4ebf95c65ad","f039f4564179a49b3f92cfc86eff4588","",204961,116995.0,225.0,155.0
"P166.E.WCOA21","ssu18sv8_machida","P26","P166.E.WCOA21_Machida18S_run5","pmel_ome_run5",0.8,"nM","Qubit Fluorometer",35,"GCTAGGAAGT","TCTCGGACGA","P166.E.WCOA21_Machida18S_run5_R1.fastq.gz","P166.E.WCOA21_Machida18S_run5_R2.fastq.gz","27227ef6534ef57f958f0dcf5dcde844","214f3c71e6b814343eea72dd1a663bd6","",172017,123531.0,163.0,116.0
"P103.E.WCOA21","ssu18sv8_machida","P26","P103.E.WCOA21_Machida18S_run5","pmel_ome_run5",0.8,"nM","Qubit Fluorometer",35,"TTAATAGCAC","ACCACGTCTG","P103.E.WCOA21_Machida18S_run5_R1.fastq.gz","P103.E.WCOA21_Machida18S_run5_R2.fastq.gz","663f00db5022e8583435aaae73f2a38d","23047010b64ccbc8c773bc6160840d25","",184453,118221.0,226.0,148.0
"P104.E.WCOA21","ssu18sv8_machida","P26","P104.E.WCOA21_Machida18S_run5","pmel_ome_run5",0.8,"nM","Qubit Fluorometer",35,"CATTCACGCT","GTTGTACTCA","P104.E.WCOA21_Machida18S_run5_R1.fastq.gz","P104.E.WCOA21_Machida18S_run5_R2.fastq.gz","639f511b28e122ec3abb5c8cc93be98c","7d3d8baa619ab646e0dde5fbfa697073","",109693,32599.0,172.0,137.0
"P169.E.WCOA21","ssu18sv8_machida","P26","P169.E.WCOA21_Machida18S_run5","pmel_ome_run5",0.8,"nM","Qubit Fluorometer",35,"GGCACTAAGG","TCAGGTCAAC","P169.E.WCOA21_Machida18S_run5_R1.fastq.gz","P169.E.WCOA21_Machida18S_run5_R2.fastq.gz","861ff7cd301d00e851817f6ca4b943ee","b5ee9a00ed45708996f39a7fd91cac03","",167227,119444.0,155.0,104.0
"P170.E.WCOA21","ssu18sv8_machida","P26","P170.E.WCOA21_Machida18S_run5","pmel_ome_run5",0.8,"nM","Qubit Fluorometer",35,"ATTCGGTACA","AGTCCGAGGA","P170.E.WCOA21_Machida18S_run5_R1.fastq.gz","P170.E.WCOA21_Machida18S_run5_R2.fastq.gz","2c20142d05af612f332d5b74becea296","646d96a8cc4faaae0f0410c40983d74c","",15898,4171.0,25.0,24.0
"P171.E.WCOA21","ssu18sv8_machida","P26","P171.E.WCOA21_Machida18S_run5","pmel_ome_run5",0.8,"nM","Qubit Fluorometer",35,"ACTAATCTCC","CACTTAATCT","P171.E.WCOA21_Machida18S_run5_R1.fastq.gz","P171.E.WCOA21_Machida18S_run5_R2.fastq.gz","39d26ae2aa230cd433f5c64a56653c27","7bfa193508b88f0ac1f15691030108d7","",58218,39049.0,14.0,9.0
"P172.E.WCOA21","ssu18sv8_machida","P26","P172.E.WCOA21_Machida18S_run5","pmel_ome_run5",0.8,"nM","Qubit Fluorometer",35,"TGTGTTAGTA","TACTCTGTTA","P172.E.WCOA21_Machida18S_run5_R1.fastq.gz","P172.E.WCOA21_Machida18S_run5_R2.fastq.gz","d2783cc9a6715f6122b25df816a7810f","60e70a347b76f73a35141a8bd396a9e7","",106774,74528.0,195.0,25.0
"P173.E.WCOA21","ssu18sv8_machida","P26","P173.E.WCOA21_Machida18S_run5","pmel_ome_run5",0.8,"nM","Qubit Fluorometer",35,"CCGGTTCCTA","TATATTCGAG","P173.E.WCOA21_Machida18S_run5_R1.fastq.gz","P173.E.WCOA21_Machida18S_run5_R2.fastq.gz","641dcf584649ef21433666f4228509f6","a6fa28aa1d3395714a9afbf93b5fd1ea","",182098,126317.0,195.0,92.0
"P174.E.WCOA21","ssu18sv8_machida","P26","P174.E.WCOA21_Machida18S_run5","pmel_ome_run5",0.8,"nM","Qubit Fluorometer",35,"CAACGACCTA","GCGACTCGAT","P174.E.WCOA21_Machida18S_run5_R1.fastq.gz","P174.E.WCOA21_Machida18S_run5_R2.fastq.gz","ff4ae116bcd227ca006277de973b1234","22c1c7d2c24063850e2ed69eb3f727ca","",58802,34732.0,44.0,35.0
"P175.E.WCOA21","ssu18sv8_machida","P26","P175.E.WCOA21_Machida18S_run5","pmel_ome_run5",0.8,"nM","Qubit Fluorometer",35,"CGGTCGGCAT","CTAGGCAAGG","P175.E.WCOA21_Machida18S_run5_R1.fastq.gz","P175.E.WCOA21_Machida18S_run5_R2.fastq.gz","5ff99d40166a874105b0ef4f1fbd22b0","0bb5efd2cc7f2bdece3eba37f4929674","",134715,89749.0,195.0,132.0
"P176.E.WCOA21","ssu18sv8_machida","P26","P176.E.WCOA21_Machida18S_run5","pmel_ome_run5",0.8,"nM","Qubit Fluorometer",35,"TCGACGCTAG","CCTCTTCGAA","P176.E.WCOA21_Machida18S_run5_R1.fastq.gz","P176.E.WCOA21_Machida18S_run5_R2.fastq.gz","01b1200b3bbb6c69b5edfdbd610d446d","058b45dddd66f4f5019cc43d858d18b2","",154320,97152.0,34.0,28.0
"P177.E.WCOA21","ssu18sv8_machida","P26","P177.E.WCOA21_Machida18S_run5","pmel_ome_run5",0.8,"nM","Qubit Fluorometer",35,"CTCGTAGGCA","TCATCCTCTT","P177.E.WCOA21_Machida18S_run5_R1.fastq.gz","P177.E.WCOA21_Machida18S_run5_R2.fastq.gz","a7603f2724d4f1e55e270b6d42db6b83","1b90b3e31096dc3da7f337900c11f227","",11446,8020.0,32.0,31.0
"P178.E.WCOA21","ssu18sv8_machida","P26","P178.E.WCOA21_Machida18S_run5","pmel_ome_run5",0.8,"nM","Qubit Fluorometer",35,"AAGTTCTAGT","GGTAAGATAA","P178.E.WCOA21_Machida18S_run5_R1.fastq.gz","P178.E.WCOA21_Machida18S_run5_R2.fastq.gz","d036c32fff333f5e7f2d4f2bb599709c","02906941ddb553315805dc68e1200895","",175816,115726.0,208.0,141.0
"P180.E.WCOA21","ssu18sv8_machida","P26","P180.E.WCOA21_Machida18S_run5","pmel_ome_run5",0.8,"nM","Qubit Fluorometer",35,"CCAAGAGGTG","AACGAGCCAG","P180.E.WCOA21_Machida18S_run5_R1.fastq.gz","P180.E.WCOA21_Machida18S_run5_R2.fastq.gz","04692bd9ff50fa91e3dd01b101e9358c","a35c258aab4e341dc70d215e619e2b96","",227214,139022.0,283.0,157.0
"P181.E.WCOA21","ssu18sv8_machida","P26","P181.E.WCOA21_Machida18S_run5","pmel_ome_run5",0.8,"nM","Qubit Fluorometer",35,"ATATCTGCTT","TAGACAATCT","P181.E.WCOA21_Machida18S_run5_R1.fastq.gz","P181.E.WCOA21_Machida18S_run5_R2.fastq.gz","93de8b7b07b08e1da7d07ceb5fc24409","e961e0dfad91e1b4c72814ffe6e584a3","",93845,76974.0,146.0,104.0
"P182.E.WCOA21","ssu18sv8_machida","P26","P182.E.WCOA21_Machida18S_run5","pmel_ome_run5",0.8,"nM","Qubit Fluorometer",35,"TGGATCTGGC","CAATGCTGAA","P182.E.WCOA21_Machida18S_run5_R1.fastq.gz","P182.E.WCOA21_Machida18S_run5_R2.fastq.gz","d370a31edb7f02b88a583bb1eebc8b96","cbbc8b356fbf72bb003d2739eedea8d2","",29752,23002.0,67.0,55.0
"P183.E.WCOA21","ssu18sv8_machida","P26","P183.E.WCOA21_Machida18S_run5","pmel_ome_run5",0.8,"nM","Qubit Fluorometer",35,"TTGAATCCAA","GTCACGGTGT","P183.E.WCOA21_Machida18S_run5_R1.fastq.gz","P183.E.WCOA21_Machida18S_run5_R2.fastq.gz","99b9df62fed13dd8e7de2022893e6d12","38937f3c2cc0f41b581591885ded6d83","",165071,109077.0,227.0,161.0
"P105.E.WCOA21","ssu18sv8_machida","P26","P105.E.WCOA21_Machida18S_run5","pmel_ome_run5",0.8,"nM","Qubit Fluorometer",35,"CACGGCTAGT","GGTGTACAAG","P105.E.WCOA21_Machida18S_run5_R1.fastq.gz","P105.E.WCOA21_Machida18S_run5_R2.fastq.gz","0a912f4dee6193f40beae22c80d2eefa","8421b6179afa7d8d95aadd2cade07dfd","",167166,106096.0,345.0,224.0
"P185.E.WCOA21","ssu18sv8_machida","P26","P185.E.WCOA21_Machida18S_run5","pmel_ome_run5",0.8,"nM","Qubit Fluorometer",35,"GAGCTTGCCG","AGGTTGCAGG","P185.E.WCOA21_Machida18S_run5_R1.fastq.gz","P185.E.WCOA21_Machida18S_run5_R2.fastq.gz","373036480248170c1c3b802fcaac4cb9","7a8c7f6793076571a312b2ba6486f216","",171727,90824.0,177.0,104.0
"P186.E.WCOA21","ssu18sv8_machida","P26","P186.E.WCOA21_Machida18S_run5","pmel_ome_run5",0.8,"nM","Qubit Fluorometer",35,"GAATACCTAT","ACAATAGAGT","P186.E.WCOA21_Machida18S_run5_R1.fastq.gz","P186.E.WCOA21_Machida18S_run5_R2.fastq.gz","bef3712e4a3ae66f859218f750966a1c","124031f0198d31f0d9941a6cf922b73a","",158141,104716.0,287.0,178.0
"P187.E.WCOA21","ssu18sv8_machida","P26","P187.E.WCOA21_Machida18S_run5","pmel_ome_run5",0.8,"nM","Qubit Fluorometer",35,"AGCTAGCTTC","TAATACGGAG","P187.E.WCOA21_Machida18S_run5_R1.fastq.gz","P187.E.WCOA21_Machida18S_run5_R2.fastq.gz","ba0d2d379e6da07e5334078d1db573fd","c0f5eaffba232c9f043e4f21cc986648","",149122,90656.0,101.0,60.0
"P188.E.WCOA21","ssu18sv8_machida","P26","P188.E.WCOA21_Machida18S_run5","pmel_ome_run5",0.8,"nM","Qubit Fluorometer",35,"CAATCCTTGT","CGAAGACGCA","P188.E.WCOA21_Machida18S_run5_R1.fastq.gz","P188.E.WCOA21_Machida18S_run5_R2.fastq.gz","0a78d23b0a2e5c15d12b12f21e82dcb4","c830bf06525dc586e3cd43e890311ba6","",5664,3563.0,10.0,9.0
"P106.E.WCOA21","ssu18sv8_machida","P26","P106.E.WCOA21_Machida18S_run5","pmel_ome_run5",0.8,"nM","Qubit Fluorometer",35,"CACCTGTTGC","ATTGACACAT","P106.E.WCOA21_Machida18S_run5_R1.fastq.gz","P106.E.WCOA21_Machida18S_run5_R2.fastq.gz","d3a56bc230af7b1624d618f479cb4439","856d540c624b57c0ed1ef17e52813733","",190814,140001.0,104.0,59.0
"P190.E.WCOA21","ssu18sv8_machida","P26","P190.E.WCOA21_Machida18S_run5","pmel_ome_run5",0.8,"nM","Qubit Fluorometer",35,"CGTCACCTTG","CAGCCGATTG","P190.E.WCOA21_Machida18S_run5_R1.fastq.gz","P190.E.WCOA21_Machida18S_run5_R2.fastq.gz","a6b5fc15d06839c7dd8b9a455c505d3a","7b5747b749282ae635cc162bdb214899","",238005,146358.0,162.0,107.0
"P191.E.WCOA21","ssu18sv8_machida","P26","P191.E.WCOA21_Machida18S_run5","pmel_ome_run5",0.8,"nM","Qubit Fluorometer",35,"AATGACTGGT","TCTCACGCGT","P191.E.WCOA21_Machida18S_run5_R1.fastq.gz","P191.E.WCOA21_Machida18S_run5_R2.fastq.gz","e421b23b4ec477794d2b4a7cecec5f2b","e497d300cac7d490354976d72133f189","",168780,137902.0,68.0,42.0
"P192.E.WCOA21","ssu18sv8_machida","P26","P192.E.WCOA21_Machida18S_run5","pmel_ome_run5",0.8,"nM","Qubit Fluorometer",35,"ATGATTCCGG","CTCTGACGTG","P192.E.WCOA21_Machida18S_run5_R1.fastq.gz","P192.E.WCOA21_Machida18S_run5_R2.fastq.gz","4eca26322b0214e4c2198ba24e215d31","bae5595c07a205927200cd13a3607ea7","",84505,37233.0,38.0,33.0
"P193.E.WCOA21","ssu18sv8_machida","P26","P193.E.WCOA21_Machida18S_run5","pmel_ome_run5",0.8,"nM","Qubit Fluorometer",35,"TTAGGCTCAA","TCGAATGGAA","P193.E.WCOA21_Machida18S_run5_R1.fastq.gz","P193.E.WCOA21_Machida18S_run5_R2.fastq.gz","61058f108c2b497d656990986ce84d1f","4a70dc535f8adf0c09bc2ed5be5ee824","",212697,150169.0,174.0,106.0
"P194.E.WCOA21","ssu18sv8_machida","P26","P194.E.WCOA21_Machida18S_run5","pmel_ome_run5",0.8,"nM","Qubit Fluorometer",35,"TGTAAGGTGG","AAGGCCTTGG","P194.E.WCOA21_Machida18S_run5_R1.fastq.gz","P194.E.WCOA21_Machida18S_run5_R2.fastq.gz","1a9751b19bf1b9b420c1923f57901dae","afc91d5e6db6dc8416c3886c868b0b7e","",213054,144414.0,162.0,108.0
"P195.E.WCOA21","ssu18sv8_machida","P26","P195.E.WCOA21_Machida18S_run5","pmel_ome_run5",0.8,"nM","Qubit Fluorometer",35,"CAACTGCAAC","TGAACGCAAC","P195.E.WCOA21_Machida18S_run5_R1.fastq.gz","P195.E.WCOA21_Machida18S_run5_R2.fastq.gz","8429385e8a27c1a076b2593862f5850d","5c8744832303c5643c19620935c47387","",203460,145661.0,126.0,95.0
"P196.E.WCOA21","ssu18sv8_machida","P26","P196.E.WCOA21_Machida18S_run5","pmel_ome_run5",0.8,"nM","Qubit Fluorometer",35,"ACATGAGTGA","CCGCTTAGCT","P196.E.WCOA21_Machida18S_run5_R1.fastq.gz","P196.E.WCOA21_Machida18S_run5_R2.fastq.gz","52779988a8095324fb209a5fbf6650af","3bdf3bc4a3a2e23c7f415629c3fca77f","",203320,127892.0,148.0,91.0
"P197.E.WCOA21","ssu18sv8_machida","P26","P197.E.WCOA21_Machida18S_run5","pmel_ome_run5",0.8,"nM","Qubit Fluorometer",35,"CGCAGCAATT","ATTCCGCTAT","P197.E.WCOA21_Machida18S_run5_R1.fastq.gz","P197.E.WCOA21_Machida18S_run5_R2.fastq.gz","6d53f0756268363d3081d9530b4e1da1","8f2f44a959815fa1e5d5751d4b4b2c3e","",77855,59816.0,152.0,47.0
"P198.E.WCOA21","ssu18sv8_machida","P26","P198.E.WCOA21_Machida18S_run5","pmel_ome_run5",0.8,"nM","Qubit Fluorometer",35,"GCAACCAGTC","CACCGAGGAA","P198.E.WCOA21_Machida18S_run5_R1.fastq.gz","P198.E.WCOA21_Machida18S_run5_R2.fastq.gz","0171af0420ee090f8422f33189834df4","bd80af387bb9fcde8f82d75cedcb6ca9","",231822,141557.0,98.0,69.0
"P199.E.WCOA21","ssu18sv8_machida","P26","P199.E.WCOA21_Machida18S_run5","pmel_ome_run5",0.8,"nM","Qubit Fluorometer",35,"GAGCGACGAT","CGTATAATCA","P199.E.WCOA21_Machida18S_run5_R1.fastq.gz","P199.E.WCOA21_Machida18S_run5_R2.fastq.gz","6f535cc9ef6f6e96d02226f9088aa10b","da28bfcddbfc4d0588173d9358534382","",58471,48615.0,30.0,22.0
"P200.E.WCOA21","ssu18sv8_machida","P26","P200.E.WCOA21_Machida18S_run5","pmel_ome_run5",0.8,"nM","Qubit Fluorometer",35,"CGAACGCACC","ATGACAGAAC","P200.E.WCOA21_Machida18S_run5_R1.fastq.gz","P200.E.WCOA21_Machida18S_run5_R2.fastq.gz","3635ccc99798222850335c9bd04d6e82","5f9572a8a84b6ebc697c17f9e421e4db","",250499,194291.0,84.0,60.0
"P201.E.WCOA21","ssu18sv8_machida","P26","P201.E.WCOA21_Machida18S_run5","pmel_ome_run5",0.8,"nM","Qubit Fluorometer",35,"TCTTACGCCG","ATTCATTGCA","P201.E.WCOA21_Machida18S_run5_R1.fastq.gz","P201.E.WCOA21_Machida18S_run5_R2.fastq.gz","9954589ea5134531e5df91741bd318c8","34dda34fe590183edc4b4226603430c1","",126225,104389.0,84.0,56.0
"P202.E.WCOA21","ssu18sv8_machida","P26","P202.E.WCOA21_Machida18S_run5","pmel_ome_run5",0.8,"nM","Qubit Fluorometer",35,"AGCTGATGTC","TCATGTCCTG","P202.E.WCOA21_Machida18S_run5_R1.fastq.gz","P202.E.WCOA21_Machida18S_run5_R2.fastq.gz","a699d449e2ecf565064033311263cec4","8442ee4fa2fbf850b0e2002e48d38351","",47952,39639.0,43.0,32.0
"P203.E.WCOA21","ssu18sv8_machida","P26","P203.E.WCOA21_Machida18S_run5","pmel_ome_run5",0.8,"nM","Qubit Fluorometer",35,"ACGTTCCTTA","GACCGCTGTG","P203.E.WCOA21_Machida18S_run5_R1.fastq.gz","P203.E.WCOA21_Machida18S_run5_R2.fastq.gz","7d72249faa0c123e0c3f5afdfea4259f","1a43ef983fa8b48d16f1ccf40a50e8b9","",91210,74695.0,104.0,62.0
"P204.E.WCOA21","ssu18sv8_machida","P26","P204.E.WCOA21_Machida18S_run5","pmel_ome_run5",0.8,"nM","Qubit Fluorometer",35,"CTGAATTAGT","AATTCGATCG","P204.E.WCOA21_Machida18S_run5_R1.fastq.gz","P204.E.WCOA21_Machida18S_run5_R2.fastq.gz","b9a1fe7cc1f43d0df72127c4d334f791","88c4dba051bf5f9af41564b1179b2116","",196124,122911.0,268.0,144.0
"P205.E.WCOA21","ssu18sv8_machida","P26","P205.E.WCOA21_Machida18S_run5","pmel_ome_run5",0.8,"nM","Qubit Fluorometer",35,"TAAGGAGGAA","TTCCGACATT","P205.E.WCOA21_Machida18S_run5_R1.fastq.gz","P205.E.WCOA21_Machida18S_run5_R2.fastq.gz","92380d11c287afec37258e292f307a9c","b0a898a38f0e913b4caebcd6d195d5cd","",216948,163807.0,222.0,150.0
"P206.E.WCOA21","ssu18sv8_machida","P26","P206.E.WCOA21_Machida18S_run5","pmel_ome_run5",0.8,"nM","Qubit Fluorometer",35,"AGCTTACACA","TGGCACGACC","P206.E.WCOA21_Machida18S_run5_R1.fastq.gz","P206.E.WCOA21_Machida18S_run5_R2.fastq.gz","76595b6dcc0182b9ad3c4f05f1991caa","0b387b5037f8401221832b483b74fdf0","",260295,168191.0,200.0,137.0
"P207.E.WCOA21","ssu18sv8_machida","P26","P207.E.WCOA21_Machida18S_run5","pmel_ome_run5",0.8,"nM","Qubit Fluorometer",35,"AACCAGCCAC","GCCACAGCAC","P207.E.WCOA21_Machida18S_run5_R1.fastq.gz","P207.E.WCOA21_Machida18S_run5_R2.fastq.gz","d7776d493771c6103c2a3d94d51477a7","27012aa412abf5cf2d130ba2b2437a16","",223715,127792.0,355.0,235.0
"P208.E.WCOA21","ssu18sv8_machida","P26","P208.E.WCOA21_Machida18S_run5","pmel_ome_run5",0.8,"nM","Qubit Fluorometer",35,"CTTAAGTCGA","CAGTAGTTGT","P208.E.WCOA21_Machida18S_run5_R1.fastq.gz","P208.E.WCOA21_Machida18S_run5_R2.fastq.gz","73a984fddd9788335ed8eed15122c9b8","8eb115c92c54d3723a0fa0caf10eb21f","",141423,112597.0,219.0,101.0
"P209.E.WCOA21","ssu18sv8_machida","P26","P209.E.WCOA21_Machida18S_run5","pmel_ome_run5",0.8,"nM","Qubit Fluorometer",35,"GCCTAACGTG","AGCTCTCAAG","P209.E.WCOA21_Machida18S_run5_R1.fastq.gz","P209.E.WCOA21_Machida18S_run5_R2.fastq.gz","92e956e3ef8273ae17ba90321c208796","d35d104255186396391a0946597c5c67","",204232,137146.0,298.0,156.0
"P210.E.WCOA21","ssu18sv8_machida","P26","P210.E.WCOA21_Machida18S_run5","pmel_ome_run5",0.8,"nM","Qubit Fluorometer",35,"CCGCGTATAG","TAGGAACCGG","P210.E.WCOA21_Machida18S_run5_R1.fastq.gz","P210.E.WCOA21_Machida18S_run5_R2.fastq.gz","40e5d3fc23c38c8768671e2705763593","bd9819fa2b84692845d7f1fae9cbbda7","",211314,163278.0,187.0,105.0
"P107.E.WCOA21","ssu18sv8_machida","P26","P107.E.WCOA21_Machida18S_run5","pmel_ome_run5",0.8,"nM","Qubit Fluorometer",35,"ACTTACTTCA","TCTGGAATTA","P107.E.WCOA21_Machida18S_run5_R1.fastq.gz","P107.E.WCOA21_Machida18S_run5_R2.fastq.gz","4ff77bd6448079996742781b367df8f9","076153d82908901e9ba56a6329130547","",172884,123876.0,139.0,85.0
"P116.E.WCOA21","lsu16s_2051-2438_mideca_komai","P26","P116.E.WCOA21_MiDeca_run5","pmel_ome_run5",0.8,"nM","Qubit Fluorometer",35,"TACCGCCTCG","CCTCGCAACC","P116.E.WCOA21_MiDeca_run5_R1.fastq.gz","P116.E.WCOA21_MiDeca_run5_R2.fastq.gz","048119bf0a993a985228973769349805","0835ec581189810830c3137dec2ff6dc","",746015,527326.0,35.0,9.0
"P117.E.WCOA21","lsu16s_2051-2438_mideca_komai","P26","P117.E.WCOA21_MiDeca_run5","pmel_ome_run5",0.8,"nM","Qubit Fluorometer",35,"CTGTTATATC","GTATAGCTGT","P117.E.WCOA21_MiDeca_run5_R1.fastq.gz","P117.E.WCOA21_MiDeca_run5_R2.fastq.gz","bdf870093f09c4d7202487aa50675ef4","622dd78c892835b69ee3a2179c49e557","",833210,653174.0,73.0,18.0
"P118.E.WCOA21","lsu16s_2051-2438_mideca_komai","P26","P118.E.WCOA21_MiDeca_run5","pmel_ome_run5",0.8,"nM","Qubit Fluorometer",35,"TAACCGGCGA","GCTACATTAG","P118.E.WCOA21_MiDeca_run5_R1.fastq.gz","P118.E.WCOA21_MiDeca_run5_R2.fastq.gz","324d34dcfce7f7c11bc72ff25d33d700","d7aaab6393055832d501e9121ab90940","",819502,575744.0,58.0,12.0
"P119.E.WCOA21","lsu16s_2051-2438_mideca_komai","P26","P119.E.WCOA21_MiDeca_run5","pmel_ome_run5",0.8,"nM","Qubit Fluorometer",35,"AAGAGAGTCT","TACGAATCTT","P119.E.WCOA21_MiDeca_run5_R1.fastq.gz","P119.E.WCOA21_MiDeca_run5_R2.fastq.gz","f01d74d23da0c0971d26f11ff2dd38ef","e68bfd2c28493ef40e88770722c31605","",977056,434420.0,35.0,15.0
"P120.E.WCOA21","lsu16s_2051-2438_mideca_komai","P26","P120.E.WCOA21_MiDeca_run5","pmel_ome_run5",0.8,"nM","Qubit Fluorometer",35,"GTAGGCGAGC","TAGGAGCGCA","P120.E.WCOA21_MiDeca_run5_R1.fastq.gz","P120.E.WCOA21_MiDeca_run5_R2.fastq.gz","38e9d7e23625a0d91b57b34083652177","e180efc06c46521d1ab68c001ac0f81d","",783238,477803.0,69.0,29.0
"P122.E.WCOA21","lsu16s_2051-2438_mideca_komai","P26","P122.E.WCOA21_MiDeca_run5","pmel_ome_run5",0.8,"nM","Qubit Fluorometer",35,"ATTATGTCTC","AGTTAAGAGC","P122.E.WCOA21_MiDeca_run5_R1.fastq.gz","P122.E.WCOA21_MiDeca_run5_R2.fastq.gz","4835ccdea499925c9f0e6761f6d0574d","8c58c57a2ea2b2b0e94bf354d92fab95","",850444,630141.0,47.0,25.0
"P123.E.WCOA21","lsu16s_2051-2438_mideca_komai","P26","P123.E.WCOA21_MiDeca_run5","pmel_ome_run5",0.8,"nM","Qubit Fluorometer",35,"TATAACAGCT","TCGCGTATAA","P123.E.WCOA21_MiDeca_run5_R1.fastq.gz","P123.E.WCOA21_MiDeca_run5_R2.fastq.gz","7fb9e3b588b3721c21ed4acb80a98b0d","335b9a27f2cadf3c633e55f65cd8e238","",1121357,538584.0,47.0,21.0
"P124.E.WCOA21","lsu16s_2051-2438_mideca_komai","P26","P124.E.WCOA21_MiDeca_run5","pmel_ome_run5",0.8,"nM","Qubit Fluorometer",35,"CCAATGATAC","GAGTGTGCCG","P124.E.WCOA21_MiDeca_run5_R1.fastq.gz","P124.E.WCOA21_MiDeca_run5_R2.fastq.gz","9deb76fc861f3a651c77bac3f2f87c4b","e7a92aae273a3c2fdef12a5e4cb1ea0f","",859302,762306.0,48.0,23.0
"P126.E.WCOA21","lsu16s_2051-2438_mideca_komai","P26","P126.E.WCOA21_MiDeca_run5","pmel_ome_run5",0.8,"nM","Qubit Fluorometer",35,"AGCTAAGCGG","ATTAATACGC","P126.E.WCOA21_MiDeca_run5_R1.fastq.gz","P126.E.WCOA21_MiDeca_run5_R2.fastq.gz","a4fcaab66935d6e354bd6c52fb7f4ee5","80e4937f6f1044b06dff1c1c504eb084","",692438,639705.0,36.0,11.0
"P127.E.WCOA21","lsu16s_2051-2438_mideca_komai","P26","P127.E.WCOA21_MiDeca_run5","pmel_ome_run5",0.8,"nM","Qubit Fluorometer",35,"CTTCCTAGGA","CCTAGAGTAT","P127.E.WCOA21_MiDeca_run5_R1.fastq.gz","P127.E.WCOA21_MiDeca_run5_R2.fastq.gz","b159b95dc82481199ec69d31460a9eb4","ef6bfe109305f32d23d0a9a2ed25dc08","",604235,322500.0,61.0,24.0
"P128.E.WCOA21","lsu16s_2051-2438_mideca_komai","P26","P128.E.WCOA21_MiDeca_run5","pmel_ome_run5",0.8,"nM","Qubit Fluorometer",35,"CGATCTGTGA","TAGGAAGACT","P128.E.WCOA21_MiDeca_run5_R1.fastq.gz","P128.E.WCOA21_MiDeca_run5_R2.fastq.gz","05becda979f530997f143959e929733b","6e1e3c8afcc08825b87a99d1fe9069cc","",863208,647935.0,80.0,25.0
"P129.E.WCOA21","lsu16s_2051-2438_mideca_komai","P26","P129.E.WCOA21_MiDeca_run5","pmel_ome_run5",0.8,"nM","Qubit Fluorometer",35,"GTGGACAAGT","CCGTGGCCTT","P129.E.WCOA21_MiDeca_run5_R1.fastq.gz","P129.E.WCOA21_MiDeca_run5_R2.fastq.gz","c988e7aed40dc4cc0b2107b4dbb3c01d","824acc813a74d2ee02199fead065b429","",863459,438027.0,46.0,19.0
"P130.E.WCOA21","lsu16s_2051-2438_mideca_komai","P26","P130.E.WCOA21_MiDeca_run5","pmel_ome_run5",0.8,"nM","Qubit Fluorometer",35,"AACAAGTACA","GGATATATCC","P130.E.WCOA21_MiDeca_run5_R1.fastq.gz","P130.E.WCOA21_MiDeca_run5_R2.fastq.gz","96d87b52dc3b50f87c252079f5242031","602cc718c55c153ba1fdeca306fc8fe3","",812773,279062.0,56.0,19.0
"P131.E.WCOA21","lsu16s_2051-2438_mideca_komai","P26","P131.E.WCOA21_MiDeca_run5","pmel_ome_run5",0.8,"nM","Qubit Fluorometer",35,"AGATTAAGTG","CACCTCTTGG","P131.E.WCOA21_MiDeca_run5_R1.fastq.gz","P131.E.WCOA21_MiDeca_run5_R2.fastq.gz","8a0a8eedee09f82e84a2e55b0f511856","fdbaf29a4ec6834d33a39851e206f1c1","",843046,573072.0,79.0,29.0
"P132.E.WCOA21","lsu16s_2051-2438_mideca_komai","P26","P132.E.WCOA21_MiDeca_run5","pmel_ome_run5",0.8,"nM","Qubit Fluorometer",35,"TATCACTCTG","AACGTTACAT","P132.E.WCOA21_MiDeca_run5_R1.fastq.gz","P132.E.WCOA21_MiDeca_run5_R2.fastq.gz","7a0b4e9295475fa68a418b561604bd8c","1bc58285090bec98262bb184ae1b36d6","",950825,629931.0,45.0,16.0
"P133.E.WCOA21","lsu16s_2051-2438_mideca_komai","P26","P133.E.WCOA21_MiDeca_run5","pmel_ome_run5",0.8,"nM","Qubit Fluorometer",35,"AGAATTCGCC","CGGCAAGCTC","P133.E.WCOA21_MiDeca_run5_R1.fastq.gz","P133.E.WCOA21_MiDeca_run5_R2.fastq.gz","9fcf4df4c0d9785501025182ce89548e","e66de38c1ae3705c15f45feb1002c941","",815506,652702.0,86.0,25.0
"P134.E.WCOA21","lsu16s_2051-2438_mideca_komai","P26","P134.E.WCOA21_MiDeca_run5","pmel_ome_run5",0.8,"nM","Qubit Fluorometer",35,"CCTGACCACT","TCTTGGCTAT","P134.E.WCOA21_MiDeca_run5_R1.fastq.gz","P134.E.WCOA21_MiDeca_run5_R2.fastq.gz","4ae4869117347d27feaacf24936dafb6","fa9536359ac088ef3c12c42758fe0e85","",701861,409707.0,82.0,29.0
"P135.E.WCOA21","lsu16s_2051-2438_mideca_komai","P26","P135.E.WCOA21_MiDeca_run5","pmel_ome_run5",0.8,"nM","Qubit Fluorometer",35,"AGCTGGAATG","ACGGAATGCG","P135.E.WCOA21_MiDeca_run5_R1.fastq.gz","P135.E.WCOA21_MiDeca_run5_R2.fastq.gz","d58ae54498619486517762fe04ad6b25","ed3e01c1a0b809ecb8c6be2e458fe601","",652018,540742.0,71.0,26.0
"P136.E.WCOA21","lsu16s_2051-2438_mideca_komai","P26","P136.E.WCOA21_MiDeca_run5","pmel_ome_run5",0.8,"nM","Qubit Fluorometer",35,"TGATAACGAG","GTTCCGCAGG","P136.E.WCOA21_MiDeca_run5_R1.fastq.gz","P136.E.WCOA21_MiDeca_run5_R2.fastq.gz","cf30adde14f1ecbf22c54a451e42d4ef","293f3df82ad48c1fc3b86cabc179331e","",797954,561864.0,70.0,33.0
"P137.E.WCOA21","lsu16s_2051-2438_mideca_komai","P26","P137.E.WCOA21_MiDeca_run5","pmel_ome_run5",0.8,"nM","Qubit Fluorometer",35,"CATAGTAAGG","ACCAAGTTAC","P137.E.WCOA21_MiDeca_run5_R1.fastq.gz","P137.E.WCOA21_MiDeca_run5_R2.fastq.gz","e475639384f5ee614d883f61956e481b","3a59dbd8271dccfa3932f492c794f5fb","",747066,566928.0,36.0,20.0
"P138.E.WCOA21","lsu16s_2051-2438_mideca_komai","P26","P138.E.WCOA21_MiDeca_run5","pmel_ome_run5",0.8,"nM","Qubit Fluorometer",35,"ATTGGCTTCT","TGGCTCGCAG","P138.E.WCOA21_MiDeca_run5_R1.fastq.gz","P138.E.WCOA21_MiDeca_run5_R2.fastq.gz","1a9eb7df4bf63437f77988b9994d0144","47770f310944fa0d0b7ad96221ead60a","",1191278,472717.0,104.0,36.0
"P139.E.WCOA21","lsu16s_2051-2438_mideca_komai","P26","P139.E.WCOA21_MiDeca_run5","pmel_ome_run5",0.8,"nM","Qubit Fluorometer",35,"GTACCGATTA","AACTAACGTT","P139.E.WCOA21_MiDeca_run5_R1.fastq.gz","P139.E.WCOA21_MiDeca_run5_R2.fastq.gz","f9bcd2790a120fb5a0625afb37c7842d","466efc387012b304d9d2fddd275abc2c","",925746,592784.0,71.0,19.0
"P141.E.WCOA21","lsu16s_2051-2438_mideca_komai","P26","P141.E.WCOA21_MiDeca_run5","pmel_ome_run5",0.8,"nM","Qubit Fluorometer",35,"TGTGGTCCGG","AGAGCACTAG","P141.E.WCOA21_MiDeca_run5_R1.fastq.gz","P141.E.WCOA21_MiDeca_run5_R2.fastq.gz","eccbe5d5f7ee396c2ca67f6608246941","68aebf8996eae340fe9a0718e7dc70a2","",727705,597361.0,53.0,20.0
"P142.E.WCOA21","lsu16s_2051-2438_mideca_komai","P26","P142.E.WCOA21_MiDeca_run5","pmel_ome_run5",0.8,"nM","Qubit Fluorometer",35,"CTTCTAAGTC","ACTCTACAGG","P142.E.WCOA21_MiDeca_run5_R1.fastq.gz","P142.E.WCOA21_MiDeca_run5_R2.fastq.gz","a78738e414f597034203bf101fbc6644","1bd98900ff52d43455b5c5271ba47c37","",756245,230777.0,16.0,14.0
"P101.E.WCOA21","lsu16s_2051-2438_mideca_komai","P26","P101.E.WCOA21_MiDeca_run5","pmel_ome_run5",0.8,"nM","Qubit Fluorometer",35,"AATATTGCCA","CGGTGACACC","P101.E.WCOA21_MiDeca_run5_R1.fastq.gz","P101.E.WCOA21_MiDeca_run5_R2.fastq.gz","ba629444c6a7291a1a35fb4fea033e33","00fe9a938861ab2e6124a7b7c1e3eb50","",789219,674121.0,64.0,22.0
"P146.E.WCOA21","lsu16s_2051-2438_mideca_komai","P26","P146.E.WCOA21_MiDeca_run5","pmel_ome_run5",0.8,"nM","Qubit Fluorometer",35,"TGCAATGAAT","CCAGAAGTAA","P146.E.WCOA21_MiDeca_run5_R1.fastq.gz","P146.E.WCOA21_MiDeca_run5_R2.fastq.gz","773b226e8a978f4342ecfe283735e8d7","258098f2e9429a1fc6d904fd640e6092","",770365,632495.0,32.0,16.0
"P149.E.WCOA21","lsu16s_2051-2438_mideca_komai","P26","P149.E.WCOA21_MiDeca_run5","pmel_ome_run5",0.8,"nM","Qubit Fluorometer",35,"AGGAGTCGAG","TTAGGCTTAC","P149.E.WCOA21_MiDeca_run5_R1.fastq.gz","P149.E.WCOA21_MiDeca_run5_R2.fastq.gz","6be12d1f104f6d5cfaf534c20c3c5dfc","9638c0ce2b7a06dadbb819bcb39adf54","",746002,487746.0,25.0,7.0
"P150.E.WCOA21","lsu16s_2051-2438_mideca_komai","P26","P150.E.WCOA21_MiDeca_run5","pmel_ome_run5",0.8,"nM","Qubit Fluorometer",35,"AACGAGGCCG","ATACCTGGAT","P150.E.WCOA21_MiDeca_run5_R1.fastq.gz","P150.E.WCOA21_MiDeca_run5_R2.fastq.gz","14db7762de32864940207dd2d5508706","ee964256849eb77ac64c0a7d30b78adb","",828916,505652.0,47.0,22.0
"P154.E.WCOA21","lsu16s_2051-2438_mideca_komai","P26","P154.E.WCOA21_MiDeca_run5","pmel_ome_run5",0.8,"nM","Qubit Fluorometer",35,"ATTGAGGTCC","CGGATTATAT","P154.E.WCOA21_MiDeca_run5_R1.fastq.gz","P154.E.WCOA21_MiDeca_run5_R2.fastq.gz","06b82c05c0913edecf68af0cbac15eee","3f8ceaf1d17bba1ce895788c8b2c4512","",724805,300941.0,25.0,10.0
"P157.E.WCOA21","lsu16s_2051-2438_mideca_komai","P26","P157.E.WCOA21_MiDeca_run5","pmel_ome_run5",0.8,"nM","Qubit Fluorometer",35,"CCGCTCCGTT","TACGGCGAAG","P157.E.WCOA21_MiDeca_run5_R1.fastq.gz","P157.E.WCOA21_MiDeca_run5_R2.fastq.gz","df8c429f5134bc4f8f249f99ac69fc85","99e7affed37e3caecefc90d8a962d786","",783834,424593.0,87.0,29.0
"P160.E.WCOA21","lsu16s_2051-2438_mideca_komai","P26","P160.E.WCOA21_MiDeca_run5","pmel_ome_run5",0.8,"nM","Qubit Fluorometer",35,"CACCTAGCAC","TGCTGGACAT","P160.E.WCOA21_MiDeca_run5_R1.fastq.gz","P160.E.WCOA21_MiDeca_run5_R2.fastq.gz","6dc6751e7461080f6b9200a59d17e322","7ab1c8953d57f21187e935767c0dd8c6","",852090,634697.0,104.0,39.0
"P162.E.WCOA21","lsu16s_2051-2438_mideca_komai","P26","P162.E.WCOA21_MiDeca_run5","pmel_ome_run5",0.8,"nM","Qubit Fluorometer",35,"TTAAGACAAG","GGCTTAATTG","P162.E.WCOA21_MiDeca_run5_R1.fastq.gz","P162.E.WCOA21_MiDeca_run5_R2.fastq.gz","886600872579ddd9dd3174d22568c597","52a4f9cce6b1e4d9021056ed93dceb39","",969667,472454.0,47.0,12.0
"P163.E.WCOA21","lsu16s_2051-2438_mideca_komai","P26","P163.E.WCOA21_MiDeca_run5","pmel_ome_run5",0.8,"nM","Qubit Fluorometer",35,"CCAGGCACCA","ACGCTAATTA","P163.E.WCOA21_MiDeca_run5_R1.fastq.gz","P163.E.WCOA21_MiDeca_run5_R2.fastq.gz","fb368e5ba7b93fa2a59266f9358ace7a","4479453d41ecb9b8f8e4ffeacc644ae5","",628134,206511.0,18.0,10.0
"P169.E.WCOA21","lsu16s_2051-2438_mideca_komai","P26","P169.E.WCOA21_MiDeca_run5","pmel_ome_run5",0.8,"nM","Qubit Fluorometer",35,"GGCACTAAGG","TCAGGTCAAC","P169.E.WCOA21_MiDeca_run5_R1.fastq.gz","P169.E.WCOA21_MiDeca_run5_R2.fastq.gz","7bedbe064daa55b811fc67ee43e6a623","9870fe1f7ac9c0f5a5b722a1e859357f","",835407,350569.0,27.0,13.0
"P173.E.WCOA21","lsu16s_2051-2438_mideca_komai","P26","P173.E.WCOA21_MiDeca_run5","pmel_ome_run5",0.8,"nM","Qubit Fluorometer",35,"CCGGTTCCTA","TATATTCGAG","P173.E.WCOA21_MiDeca_run5_R1.fastq.gz","P173.E.WCOA21_MiDeca_run5_R2.fastq.gz","17984cefc53a70dcfa0c0344edff2c4a","371b3c59e2b5c8d3b8cde5e7d0b4d752","",1239037,474827.0,43.0,20.0
"P176.E.WCOA21","lsu16s_2051-2438_mideca_komai","P26","P176.E.WCOA21_MiDeca_run5","pmel_ome_run5",0.8,"nM","Qubit Fluorometer",35,"TCGACGCTAG","CCTCTTCGAA","P176.E.WCOA21_MiDeca_run5_R1.fastq.gz","P176.E.WCOA21_MiDeca_run5_R2.fastq.gz","38f68779c0f1e218767f02852a7dc4b9","0eaa6fcdcb3f60db286cee2f49652348","",854466,404459.0,9.0,5.0
"P178.E.WCOA21","lsu16s_2051-2438_mideca_komai","P26","P178.E.WCOA21_MiDeca_run5","pmel_ome_run5",0.8,"nM","Qubit Fluorometer",35,"AAGTTCTAGT","GGTAAGATAA","P178.E.WCOA21_MiDeca_run5_R1.fastq.gz","P178.E.WCOA21_MiDeca_run5_R2.fastq.gz","d9e93db253bfc8bc5d2c583e69b6ab3b","c6d9d80c322afe4d0d9b366f1554cc6c","",808190,513607.0,37.0,17.0
"P183.E.WCOA21","lsu16s_2051-2438_mideca_komai","P26","P183.E.WCOA21_MiDeca_run5","pmel_ome_run5",0.8,"nM","Qubit Fluorometer",35,"TTGAATCCAA","GTCACGGTGT","P183.E.WCOA21_MiDeca_run5_R1.fastq.gz","P183.E.WCOA21_MiDeca_run5_R2.fastq.gz","77510c1baa7849103453ef9b98559d1f","6ac3569b89729a11a4371db2c54e324f","",972811,452757.0,44.0,29.0
"P105.E.WCOA21","lsu16s_2051-2438_mideca_komai","P26","P105.E.WCOA21_MiDeca_run5","pmel_ome_run5",0.8,"nM","Qubit Fluorometer",35,"CACGGCTAGT","GGTGTACAAG","P105.E.WCOA21_MiDeca_run5_R1.fastq.gz","P105.E.WCOA21_MiDeca_run5_R2.fastq.gz","50b4fc038457ccded2d6af54a38c948e","deee8429de19ea2af5a9772da5748f93","",837132,431921.0,22.0,14.0
"P185.E.WCOA21","lsu16s_2051-2438_mideca_komai","P26","P185.E.WCOA21_MiDeca_run5","pmel_ome_run5",0.8,"nM","Qubit Fluorometer",35,"GAGCTTGCCG","AGGTTGCAGG","P185.E.WCOA21_MiDeca_run5_R1.fastq.gz","P185.E.WCOA21_MiDeca_run5_R2.fastq.gz","a292f54c5739618193470b423dbae3fe","c336d4b7f2709eac290a9994141cc30f","",719433,520566.0,38.0,12.0
"P186.E.WCOA21","lsu16s_2051-2438_mideca_komai","P26","P186.E.WCOA21_MiDeca_run5","pmel_ome_run5",0.8,"nM","Qubit Fluorometer",35,"GAATACCTAT","ACAATAGAGT","P186.E.WCOA21_MiDeca_run5_R1.fastq.gz","P186.E.WCOA21_MiDeca_run5_R2.fastq.gz","90ebb70c0d81ffcbef7af0d8f8f0b62d","4e27a9191d7a64dd884635beb76f4118","",927855,600819.0,67.0,26.0
"P187.E.WCOA21","lsu16s_2051-2438_mideca_komai","P26","P187.E.WCOA21_MiDeca_run5","pmel_ome_run5",0.8,"nM","Qubit Fluorometer",35,"AGCTAGCTTC","TAATACGGAG","P187.E.WCOA21_MiDeca_run5_R1.fastq.gz","P187.E.WCOA21_MiDeca_run5_R2.fastq.gz","67e4468d2d8537d749a5d14a9791e7a7","2fb0012d1a3bcb6ad9cd5fd46d2cdc23","",854279,340371.0,13.0,9.0
"P106.E.WCOA21","lsu16s_2051-2438_mideca_komai","P26","P106.E.WCOA21_MiDeca_run5","pmel_ome_run5",0.8,"nM","Qubit Fluorometer",35,"CACCTGTTGC","ATTGACACAT","P106.E.WCOA21_MiDeca_run5_R1.fastq.gz","P106.E.WCOA21_MiDeca_run5_R2.fastq.gz","6e535a00bfa7c069f0b28dc358f72dda","d0664e93f876fe454db06d67046904d8","",800842,718362.0,24.0,9.0
"P190.E.WCOA21","lsu16s_2051-2438_mideca_komai","P26","P190.E.WCOA21_MiDeca_run5","pmel_ome_run5",0.8,"nM","Qubit Fluorometer",35,"CGTCACCTTG","CAGCCGATTG","P190.E.WCOA21_MiDeca_run5_R1.fastq.gz","P190.E.WCOA21_MiDeca_run5_R2.fastq.gz","dcc4aa29440f5719939dc7bce8cb7a5a","a49b96b16f671d0db5d2855cc8a4a3e9","",747516,533316.0,41.0,20.0
"P191.E.WCOA21","lsu16s_2051-2438_mideca_komai","P26","P191.E.WCOA21_MiDeca_run5","pmel_ome_run5",0.8,"nM","Qubit Fluorometer",35,"AATGACTGGT","TCTCACGCGT","P191.E.WCOA21_MiDeca_run5_R1.fastq.gz","P191.E.WCOA21_MiDeca_run5_R2.fastq.gz","3fb3456795f80d631d2348a5d7422170","93b9e47a6e59730070076944a4a8d42e","",953928,185543.0,0.0,0.0
"P193.E.WCOA21","lsu16s_2051-2438_mideca_komai","P26","P193.E.WCOA21_MiDeca_run5","pmel_ome_run5",0.8,"nM","Qubit Fluorometer",35,"TTAGGCTCAA","TCGAATGGAA","P193.E.WCOA21_MiDeca_run5_R1.fastq.gz","P193.E.WCOA21_MiDeca_run5_R2.fastq.gz","8e56392a0d813225f99d19f584f3d873","1236016f091e0842e32a9947ab5688b8","",878468,662457.0,37.0,11.0
"P194.E.WCOA21","lsu16s_2051-2438_mideca_komai","P26","P194.E.WCOA21_MiDeca_run5","pmel_ome_run5",0.8,"nM","Qubit Fluorometer",35,"TGTAAGGTGG","AAGGCCTTGG","P194.E.WCOA21_MiDeca_run5_R1.fastq.gz","P194.E.WCOA21_MiDeca_run5_R2.fastq.gz","d62de55b2fb3633aadadb44b0b1f7b82","64625e66c73704ef2c2135f1d4102e2d","",1069864,504892.0,29.0,16.0
"P196.E.WCOA21","lsu16s_2051-2438_mideca_komai","P26","P196.E.WCOA21_MiDeca_run5","pmel_ome_run5",0.8,"nM","Qubit Fluorometer",35,"ACATGAGTGA","CCGCTTAGCT","P196.E.WCOA21_MiDeca_run5_R1.fastq.gz","P196.E.WCOA21_MiDeca_run5_R2.fastq.gz","08bdaf20b53c5dae0c2d4768f6ee7d7a","ed4bd8225059b8a262b5e5b457354a91","",843902,782631.0,38.0,15.0
"P198.E.WCOA21","lsu16s_2051-2438_mideca_komai","P26","P198.E.WCOA21_MiDeca_run5","pmel_ome_run5",0.8,"nM","Qubit Fluorometer",35,"GCAACCAGTC","CACCGAGGAA","P198.E.WCOA21_MiDeca_run5_R1.fastq.gz","P198.E.WCOA21_MiDeca_run5_R2.fastq.gz","060c0a2d866f2d63a71f2228d1d52d32","3bce4498fac7f4937570ec2b31f3a19d","",975538,388397.0,17.0,13.0
"P200.E.WCOA21","lsu16s_2051-2438_mideca_komai","P26","P200.E.WCOA21_MiDeca_run5","pmel_ome_run5",0.8,"nM","Qubit Fluorometer",35,"CGAACGCACC","ATGACAGAAC","P200.E.WCOA21_MiDeca_run5_R1.fastq.gz","P200.E.WCOA21_MiDeca_run5_R2.fastq.gz","ca066fc7a882da7022ee6cf44dfda7ec","854c8e58f72d06c59501e603920d9377","",1220944,444823.0,10.0,5.0
"P202.E.WCOA21","lsu16s_2051-2438_mideca_komai","P26","P202.E.WCOA21_MiDeca_run5","pmel_ome_run5",0.8,"nM","Qubit Fluorometer",35,"AGCTGATGTC","TCATGTCCTG","P202.E.WCOA21_MiDeca_run5_R1.fastq.gz","P202.E.WCOA21_MiDeca_run5_R2.fastq.gz","24f88f1c386614c5c5998ca8e6110e77","ceb4aa191e6c822c2e197094325e5753","",837840,311999.0,13.0,8.0
"P203.E.WCOA21","lsu16s_2051-2438_mideca_komai","P26","P203.E.WCOA21_MiDeca_run5","pmel_ome_run5",0.8,"nM","Qubit Fluorometer",35,"ACGTTCCTTA","GACCGCTGTG","P203.E.WCOA21_MiDeca_run5_R1.fastq.gz","P203.E.WCOA21_MiDeca_run5_R2.fastq.gz","d587b30e121446d98bf0546d8a610161","7084ea1c620d50ad174afe41274f4552","",823517,404433.0,19.0,10.0
"P204.E.WCOA21","lsu16s_2051-2438_mideca_komai","P26","P204.E.WCOA21_MiDeca_run5","pmel_ome_run5",0.8,"nM","Qubit Fluorometer",35,"CTGAATTAGT","AATTCGATCG","P204.E.WCOA21_MiDeca_run5_R1.fastq.gz","P204.E.WCOA21_MiDeca_run5_R2.fastq.gz","6819ea249a05bcfff09bf09fdd27a893","e719f3d1c07178f40e16129751cb5e23","",1009633,576042.0,96.0,31.0
"P205.E.WCOA21","lsu16s_2051-2438_mideca_komai","P26","P205.E.WCOA21_MiDeca_run5","pmel_ome_run5",0.8,"nM","Qubit Fluorometer",35,"TAAGGAGGAA","TTCCGACATT","P205.E.WCOA21_MiDeca_run5_R1.fastq.gz","P205.E.WCOA21_MiDeca_run5_R2.fastq.gz","3d0a303c30e5b4ad49c68bdbb0fdbbb5","0db991a6ee232ef318c4664645d0c5a8","",873110,526685.0,48.0,19.0
"P206.E.WCOA21","lsu16s_2051-2438_mideca_komai","P26","P206.E.WCOA21_MiDeca_run5","pmel_ome_run5",0.8,"nM","Qubit Fluorometer",35,"AGCTTACACA","TGGCACGACC","P206.E.WCOA21_MiDeca_run5_R1.fastq.gz","P206.E.WCOA21_MiDeca_run5_R2.fastq.gz","a9bc71e87033dc16f69ba97327b11246","7277f4a8c7122fe5ae7e6d552a3037c5","",1132100,800570.0,70.0,31.0
"P207.E.WCOA21","lsu16s_2051-2438_mideca_komai","P26","P207.E.WCOA21_MiDeca_run5","pmel_ome_run5",0.8,"nM","Qubit Fluorometer",35,"AACCAGCCAC","GCCACAGCAC","P207.E.WCOA21_MiDeca_run5_R1.fastq.gz","P207.E.WCOA21_MiDeca_run5_R2.fastq.gz","9088c01c3c619983e1b6cf6c1fc2f83f","3a0e711561c8248e4bad2cfa6b4190b9","",392842,143374.0,129.0,49.0
"P209.E.WCOA21","lsu16s_2051-2438_mideca_komai","P26","P209.E.WCOA21_MiDeca_run5","pmel_ome_run5",0.8,"nM","Qubit Fluorometer",35,"GCCTAACGTG","AGCTCTCAAG","P209.E.WCOA21_MiDeca_run5_R1.fastq.gz","P209.E.WCOA21_MiDeca_run5_R2.fastq.gz","9edf5bcd21a026419fde06dd5595a67d","6f20fa34cd657fad9a45ac7f548b8571","",729822,517311.0,94.0,28.0
"P210.E.WCOA21","lsu16s_2051-2438_mideca_komai","P26","P210.E.WCOA21_MiDeca_run5","pmel_ome_run5",0.8,"nM","Qubit Fluorometer",35,"CCGCGTATAG","TAGGAACCGG","P210.E.WCOA21_MiDeca_run5_R1.fastq.gz","P210.E.WCOA21_MiDeca_run5_R2.fastq.gz","3e0211ad0bec2e55bdaefaf0fcd82e8c","86afc700f081b99bc8788d79e5e8c6c7","",720398,385574.0,40.0,21.0
"P107.E.WCOA21","lsu16s_2051-2438_mideca_komai","P26","P107.E.WCOA21_MiDeca_run5","pmel_ome_run5",0.8,"nM","Qubit Fluorometer",35,"ACTTACTTCA","TCTGGAATTA","P107.E.WCOA21_MiDeca_run5_R1.fastq.gz","P107.E.WCOA21_MiDeca_run5_R2.fastq.gz","043743a32288f509ef50426a3af7c8bd","4df08de550c619844d829a91ef139494","",904287,799597.0,26.0,12.0
"P116.E.WCOA21","COI_1835-2198_lerayfolmer","P26","P116.E.WCOA21_COI_run5","pmel_ome_run5",0.8,"nM","Qubit Fluorometer",35,"TACCGCCTCG","CCTCGCAACC","P116.E.WCOA21_COI_run5_R1.fastq.gz","P116.E.WCOA21_COI_run5_R2.fastq.gz","73d50ccfa5ca7879301afe47838adcfa","5f6dd1ba78d5e792f6aad10a71944afd","",135663,76313.0,300.0,50.0
"P117.E.WCOA21","COI_1835-2198_lerayfolmer","P26","P117.E.WCOA21_COI_run5","pmel_ome_run5",0.8,"nM","Qubit Fluorometer",35,"CTGTTATATC","GTATAGCTGT","P117.E.WCOA21_COI_run5_R1.fastq.gz","P117.E.WCOA21_COI_run5_R2.fastq.gz","99c50c30dd588f9af487f6a2547d7a17","02a5f855326e6cb10325af602a4f1406","",138830,104648.0,467.0,117.0
"P118.E.WCOA21","COI_1835-2198_lerayfolmer","P26","P118.E.WCOA21_COI_run5","pmel_ome_run5",0.8,"nM","Qubit Fluorometer",35,"TAACCGGCGA","GCTACATTAG","P118.E.WCOA21_COI_run5_R1.fastq.gz","P118.E.WCOA21_COI_run5_R2.fastq.gz","53ab529be1ebe32c3c30ab85d10ccbe2","36c013d40c9d2f4ba9b5008c55f42918","",151191,110177.0,504.0,115.0
"P119.E.WCOA21","COI_1835-2198_lerayfolmer","P26","P119.E.WCOA21_COI_run5","pmel_ome_run5",0.8,"nM","Qubit Fluorometer",35,"AAGAGAGTCT","TACGAATCTT","P119.E.WCOA21_COI_run5_R1.fastq.gz","P119.E.WCOA21_COI_run5_R2.fastq.gz","d9f599548cfc6b14c793c72096465a54","099306c22119d2e587df532bd0a1ad32","",131585,97271.0,336.0,103.0
"P120.E.WCOA21","COI_1835-2198_lerayfolmer","P26","P120.E.WCOA21_COI_run5","pmel_ome_run5",0.8,"nM","Qubit Fluorometer",35,"GTAGGCGAGC","TAGGAGCGCA","P120.E.WCOA21_COI_run5_R1.fastq.gz","P120.E.WCOA21_COI_run5_R2.fastq.gz","3f315f8b8b2d1fd322ce609d344380d3","bdf52b1786cd7d647b4e425af6143813","",126605,93996.0,371.0,83.0
"P121.E.WCOA21","COI_1835-2198_lerayfolmer","P26","P121.E.WCOA21_COI_run5","pmel_ome_run5",0.8,"nM","Qubit Fluorometer",35,"AACTTATCCT","GTACTGGCGT","P121.E.WCOA21_COI_run5_R1.fastq.gz","P121.E.WCOA21_COI_run5_R2.fastq.gz","cf3496cdabc2abadc5779aff1bb68f5b","ec7a46dc6cad2681a1edec5064262657","",68095,61666.0,154.0,77.0
"P122.E.WCOA21","COI_1835-2198_lerayfolmer","P26","P122.E.WCOA21_COI_run5","pmel_ome_run5",0.8,"nM","Qubit Fluorometer",35,"ATTATGTCTC","AGTTAAGAGC","P122.E.WCOA21_COI_run5_R1.fastq.gz","P122.E.WCOA21_COI_run5_R2.fastq.gz","586a225ee7e4645492bee54842ecd27b","b4ac4f8d5eecf551f978f91fe96a2594","",138236,94909.0,410.0,82.0
"P123.E.WCOA21","COI_1835-2198_lerayfolmer","P26","P123.E.WCOA21_COI_run5","pmel_ome_run5",0.8,"nM","Qubit Fluorometer",35,"TATAACAGCT","TCGCGTATAA","P123.E.WCOA21_COI_run5_R1.fastq.gz","P123.E.WCOA21_COI_run5_R2.fastq.gz","8de7030a484383ed8576f840be39c456","da53bac86aab732589520f08e137735b","",143846,124100.0,302.0,118.0
"P124.E.WCOA21","COI_1835-2198_lerayfolmer","P26","P124.E.WCOA21_COI_run5","pmel_ome_run5",0.8,"nM","Qubit Fluorometer",35,"CCAATGATAC","GAGTGTGCCG","P124.E.WCOA21_COI_run5_R1.fastq.gz","P124.E.WCOA21_COI_run5_R2.fastq.gz","6ab8dbed5e6435726f018905bd6d943a","066a8e0f9188623d9a31cd957999f950","",141471,111597.0,409.0,138.0
"P125.E.WCOA21","COI_1835-2198_lerayfolmer","P26","P125.E.WCOA21_COI_run5","pmel_ome_run5",0.8,"nM","Qubit Fluorometer",35,"GAGGCCTATT","CTAGTCCGGA","P125.E.WCOA21_COI_run5_R1.fastq.gz","P125.E.WCOA21_COI_run5_R2.fastq.gz","608d0be3c0b85a377cd6f877921ba96b","67d4ecf4d9f2ebba589475e60c091319","",138521,110016.0,308.0,94.0
"P126.E.WCOA21","COI_1835-2198_lerayfolmer","P26","P126.E.WCOA21_COI_run5","pmel_ome_run5",0.8,"nM","Qubit Fluorometer",35,"AGCTAAGCGG","ATTAATACGC","P126.E.WCOA21_COI_run5_R1.fastq.gz","P126.E.WCOA21_COI_run5_R2.fastq.gz","f5381afc5a3265163168fa40cfaf1487","58ac1167a432321bf2aca9f5c42c0dff","",137631,79401.0,246.0,46.0
"P127.E.WCOA21","COI_1835-2198_lerayfolmer","P26","P127.E.WCOA21_COI_run5","pmel_ome_run5",0.8,"nM","Qubit Fluorometer",35,"CTTCCTAGGA","CCTAGAGTAT","P127.E.WCOA21_COI_run5_R1.fastq.gz","P127.E.WCOA21_COI_run5_R2.fastq.gz","9dd2295a162c1a0dbdac228a7cec105e","0725c3b057e682b95c7016309b6c1979","",73007,55811.0,338.0,116.0
"P128.E.WCOA21","COI_1835-2198_lerayfolmer","P26","P128.E.WCOA21_COI_run5","pmel_ome_run5",0.8,"nM","Qubit Fluorometer",35,"CGATCTGTGA","TAGGAAGACT","P128.E.WCOA21_COI_run5_R1.fastq.gz","P128.E.WCOA21_COI_run5_R2.fastq.gz","be9d7f46d94b81abd2fa0e446c47ce2a","c5619144bc9de50e2551467ffd6ca35c","",144908,81651.0,508.0,121.0
"P129.E.WCOA21","COI_1835-2198_lerayfolmer","P26","P129.E.WCOA21_COI_run5","pmel_ome_run5",0.8,"nM","Qubit Fluorometer",35,"GTGGACAAGT","CCGTGGCCTT","P129.E.WCOA21_COI_run5_R1.fastq.gz","P129.E.WCOA21_COI_run5_R2.fastq.gz","6cc09c70490a1bdffa80f6025b98f848","2f7d83b95ee215c722c6ab1fb63bca8a","",156618,79205.0,469.0,98.0
"P130.E.WCOA21","COI_1835-2198_lerayfolmer","P26","P130.E.WCOA21_COI_run5","pmel_ome_run5",0.8,"nM","Qubit Fluorometer",35,"AACAAGTACA","GGATATATCC","P130.E.WCOA21_COI_run5_R1.fastq.gz","P130.E.WCOA21_COI_run5_R2.fastq.gz","f6a70f039bfcfec0e5c752f0c2c9fc29","a8987843cd4e4b241d24afb95c16ab3e","",120900,50679.0,302.0,47.0
"P131.E.WCOA21","COI_1835-2198_lerayfolmer","P26","P131.E.WCOA21_COI_run5","pmel_ome_run5",0.8,"nM","Qubit Fluorometer",35,"AGATTAAGTG","CACCTCTTGG","P131.E.WCOA21_COI_run5_R1.fastq.gz","P131.E.WCOA21_COI_run5_R2.fastq.gz","b0eb1293d7bdb0ae1068dbc7936aa68f","4121c0fe84d91d8f2d3465cf6806410f","",130282,90771.0,462.0,136.0
"P132.E.WCOA21","COI_1835-2198_lerayfolmer","P26","P132.E.WCOA21_COI_run5","pmel_ome_run5",0.8,"nM","Qubit Fluorometer",35,"TATCACTCTG","AACGTTACAT","P132.E.WCOA21_COI_run5_R1.fastq.gz","P132.E.WCOA21_COI_run5_R2.fastq.gz","2150bb3ddb37a1c1748287aadc21a4f4","cd5fd2d995eee80b77c4c6c15c805983","",144353,67878.0,339.0,120.0
"P133.E.WCOA21","COI_1835-2198_lerayfolmer","P26","P133.E.WCOA21_COI_run5","pmel_ome_run5",0.8,"nM","Qubit Fluorometer",35,"AGAATTCGCC","CGGCAAGCTC","P133.E.WCOA21_COI_run5_R1.fastq.gz","P133.E.WCOA21_COI_run5_R2.fastq.gz","009b65da8fc8093b6522fb67697a30f9","4745e531892e82c6cedbc90424e3932e","",172545,129144.0,563.0,147.0
"P134.E.WCOA21","COI_1835-2198_lerayfolmer","P26","P134.E.WCOA21_COI_run5","pmel_ome_run5",0.8,"nM","Qubit Fluorometer",35,"CCTGACCACT","TCTTGGCTAT","P134.E.WCOA21_COI_run5_R1.fastq.gz","P134.E.WCOA21_COI_run5_R2.fastq.gz","65559c5087e491bd82e75b63c639d857","d102b672c5c0fd587ee72c16a19c0781","",113740,71475.0,360.0,114.0
"P135.E.WCOA21","COI_1835-2198_lerayfolmer","P26","P135.E.WCOA21_COI_run5","pmel_ome_run5",0.8,"nM","Qubit Fluorometer",35,"AGCTGGAATG","ACGGAATGCG","P135.E.WCOA21_COI_run5_R1.fastq.gz","P135.E.WCOA21_COI_run5_R2.fastq.gz","ea0d1ed7525ac2a266c2c8658e277338","6deb338e5d3f23117636d5df6fe7d039","",12255,7527.0,253.0,106.0
"P136.E.WCOA21","COI_1835-2198_lerayfolmer","P26","P136.E.WCOA21_COI_run5","pmel_ome_run5",0.8,"nM","Qubit Fluorometer",35,"TGATAACGAG","GTTCCGCAGG","P136.E.WCOA21_COI_run5_R1.fastq.gz","P136.E.WCOA21_COI_run5_R2.fastq.gz","967b1a9e1d849f9faf8a11f2d66bc8b8","11ab6f409129283eb962b3752297e9c9","",15987,8600.0,213.0,95.0
"P137.E.WCOA21","COI_1835-2198_lerayfolmer","P26","P137.E.WCOA21_COI_run5","pmel_ome_run5",0.8,"nM","Qubit Fluorometer",35,"CATAGTAAGG","ACCAAGTTAC","P137.E.WCOA21_COI_run5_R1.fastq.gz","P137.E.WCOA21_COI_run5_R2.fastq.gz","045bc7c05b7bdc1e71f1ab3c4cd4396f","bb280a9551ddf93ab00a9f37b758c5ed","",23391,12108.0,218.0,101.0
"P138.E.WCOA21","COI_1835-2198_lerayfolmer","P26","P138.E.WCOA21_COI_run5","pmel_ome_run5",0.8,"nM","Qubit Fluorometer",35,"ATTGGCTTCT","TGGCTCGCAG","P138.E.WCOA21_COI_run5_R1.fastq.gz","P138.E.WCOA21_COI_run5_R2.fastq.gz","14d6d6c6b2367896ef1bebb3dff147e5","3d281be9850380a4aa3358474de74cb2","",141496,109846.0,541.0,174.0
"P139.E.WCOA21","COI_1835-2198_lerayfolmer","P26","P139.E.WCOA21_COI_run5","pmel_ome_run5",0.8,"nM","Qubit Fluorometer",35,"GTACCGATTA","AACTAACGTT","P139.E.WCOA21_COI_run5_R1.fastq.gz","P139.E.WCOA21_COI_run5_R2.fastq.gz","2fc9f2f65aa06c40bcaee39539c284b4","11e52e1c99e8881ef15253108a64e988","",140904,93130.0,407.0,119.0
"P140.E.WCOA21","COI_1835-2198_lerayfolmer","P26","P140.E.WCOA21_COI_run5","pmel_ome_run5",0.8,"nM","Qubit Fluorometer",35,"GAACAATTCC","TAGAGTTGGA","P140.E.WCOA21_COI_run5_R1.fastq.gz","P140.E.WCOA21_COI_run5_R2.fastq.gz","206520123466bcf7a31fe1e0f72bd4f6","d2bfbeddc9e86c24d379d67821a3bca3","",140066,111704.0,366.0,126.0
"P141.E.WCOA21","COI_1835-2198_lerayfolmer","P26","P141.E.WCOA21_COI_run5","pmel_ome_run5",0.8,"nM","Qubit Fluorometer",35,"TGTGGTCCGG","AGAGCACTAG","P141.E.WCOA21_COI_run5_R1.fastq.gz","P141.E.WCOA21_COI_run5_R2.fastq.gz","9caf0d4755d73d438d4ff3b00bb6c77d","baa68d5f65b1f7960728e7af7a7cd56e","",154783,115654.0,384.0,84.0
"P142.E.WCOA21","COI_1835-2198_lerayfolmer","P26","P142.E.WCOA21_COI_run5","pmel_ome_run5",0.8,"nM","Qubit Fluorometer",35,"CTTCTAAGTC","ACTCTACAGG","P142.E.WCOA21_COI_run5_R1.fastq.gz","P142.E.WCOA21_COI_run5_R2.fastq.gz","c8a448291fc9287ff49d7ede2a57fef9","0007db61182895805e6225251207db76","",1422,613.0,39.0,22.0
"P101.E.WCOA21","COI_1835-2198_lerayfolmer","P26","P101.E.WCOA21_COI_run5","pmel_ome_run5",0.8,"nM","Qubit Fluorometer",35,"AATATTGCCA","CGGTGACACC","P101.E.WCOA21_COI_run5_R1.fastq.gz","P101.E.WCOA21_COI_run5_R2.fastq.gz","a9a5ecc96a1d855df2afc9b754f79ba2","0f33367ba617392e846836b5d3dad43e","",2576,1067.0,73.0,32.0
"P144.E.WCOA21","COI_1835-2198_lerayfolmer","P26","P144.E.WCOA21_COI_run5","pmel_ome_run5",0.8,"nM","Qubit Fluorometer",35,"TCGTGCATTC","GCGTTGGTAT","P144.E.WCOA21_COI_run5_R1.fastq.gz","P144.E.WCOA21_COI_run5_R2.fastq.gz","ff128e1207918a5e6b6d7b6411631046","dddffc2d011c5981935de252f9b2c911","",1451,524.0,45.0,22.0
"P145.E.WCOA21","COI_1835-2198_lerayfolmer","P26","P145.E.WCOA21_COI_run5","pmel_ome_run5",0.8,"nM","Qubit Fluorometer",35,"AAGATACACG","TGTGCTAACA","P145.E.WCOA21_COI_run5_R1.fastq.gz","P145.E.WCOA21_COI_run5_R2.fastq.gz","5d8da6582847ce14629c442c582dee88","4dadafeae71c310150e02497a0e2d928","",54920,48492.0,124.0,58.0
"P146.E.WCOA21","COI_1835-2198_lerayfolmer","P26","P146.E.WCOA21_COI_run5","pmel_ome_run5",0.8,"nM","Qubit Fluorometer",35,"TGCAATGAAT","CCAGAAGTAA","P146.E.WCOA21_COI_run5_R1.fastq.gz","P146.E.WCOA21_COI_run5_R2.fastq.gz","92030bf8126cd719b080f0047c259dfe","1e1a790456bbb93e8fcf33dbdbb3773d","",142287,84512.0,417.0,86.0
"P147.E.WCOA21","COI_1835-2198_lerayfolmer","P26","P147.E.WCOA21_COI_run5","pmel_ome_run5",0.8,"nM","Qubit Fluorometer",35,"CTATGAAGGA","CTTATACCTG","P147.E.WCOA21_COI_run5_R1.fastq.gz","P147.E.WCOA21_COI_run5_R2.fastq.gz","4e83daf85f195d20a201e2df46e55c74","9d36c53c3fbdecc1d3d263b2a9d1950f","",50493,41798.0,50.0,24.0
"P148.E.WCOA21","COI_1835-2198_lerayfolmer","P26","P148.E.WCOA21_COI_run5","pmel_ome_run5",0.8,"nM","Qubit Fluorometer",35,"GAAGACTAGA","ACTAGAACTT","P148.E.WCOA21_COI_run5_R1.fastq.gz","P148.E.WCOA21_COI_run5_R2.fastq.gz","e71024c4d18566971431dd3c65b8a10a","4dbdf702f13954d5619b7543f5123cda","",90373,80358.0,145.0,61.0
"P149.E.WCOA21","COI_1835-2198_lerayfolmer","P26","P149.E.WCOA21_COI_run5","pmel_ome_run5",0.8,"nM","Qubit Fluorometer",35,"AGGAGTCGAG","TTAGGCTTAC","P149.E.WCOA21_COI_run5_R1.fastq.gz","P149.E.WCOA21_COI_run5_R2.fastq.gz","cc86e3ef025c18cd017effa3c590fb3f","6e10ea4ab28ac86833345e7d7d81628a","",107519,72074.0,220.0,47.0
"P151.E.WCOA21","COI_1835-2198_lerayfolmer","P26","P151.E.WCOA21_COI_run5","pmel_ome_run5",0.8,"nM","Qubit Fluorometer",35,"TTCACTCACT","TATCATGAGA","P151.E.WCOA21_COI_run5_R1.fastq.gz","P151.E.WCOA21_COI_run5_R2.fastq.gz","efaae1cbb31b1cb2ebc5510cefd13972","d0bffae89f696533164ec40f465be35f","",23609,19454.0,136.0,76.0
"P152.E.WCOA21","COI_1835-2198_lerayfolmer","P26","P152.E.WCOA21_COI_run5","pmel_ome_run5",0.8,"nM","Qubit Fluorometer",35,"GGTCCGCTTC","CTCACACAAG","P152.E.WCOA21_COI_run5_R1.fastq.gz","P152.E.WCOA21_COI_run5_R2.fastq.gz","035b106b8261cf459fbc009be293d775","71ef887c9ae6aac56799749cb7c28e7e","",1196,484.0,40.0,17.0
"P153.E.WCOA21","COI_1835-2198_lerayfolmer","P26","P153.E.WCOA21_COI_run5","pmel_ome_run5",0.8,"nM","Qubit Fluorometer",35,"CAACGAGAGC","GAATTGAGTG","P153.E.WCOA21_COI_run5_R1.fastq.gz","P153.E.WCOA21_COI_run5_R2.fastq.gz","6a1c89990cbf54b6264c2fc365abde28","21d7f2787f15a62caa21374010a3e579","",129003,81447.0,266.0,58.0
"P154.E.WCOA21","COI_1835-2198_lerayfolmer","P26","P154.E.WCOA21_COI_run5","pmel_ome_run5",0.8,"nM","Qubit Fluorometer",35,"ATTGAGGTCC","CGGATTATAT","P154.E.WCOA21_COI_run5_R1.fastq.gz","P154.E.WCOA21_COI_run5_R2.fastq.gz","58a3f81c5a4171d708415c4d254f1abf","e0928f483783099d2e60deaaa0bc037f","",159980,132043.0,201.0,96.0
"P155.E.WCOA21","COI_1835-2198_lerayfolmer","P26","P155.E.WCOA21_COI_run5","pmel_ome_run5",0.8,"nM","Qubit Fluorometer",35,"GGAGAGACTC","TTGAAGCAGA","P155.E.WCOA21_COI_run5_R1.fastq.gz","P155.E.WCOA21_COI_run5_R2.fastq.gz","8237cdca7afa72f8b3c6d1eb67192f6e","cee75be5158c48f1e71e2ac6c6e964bc","",112551,82646.0,139.0,51.0
"P157.E.WCOA21","COI_1835-2198_lerayfolmer","P26","P157.E.WCOA21_COI_run5","pmel_ome_run5",0.8,"nM","Qubit Fluorometer",35,"CCGCTCCGTT","TACGGCGAAG","P157.E.WCOA21_COI_run5_R1.fastq.gz","P157.E.WCOA21_COI_run5_R2.fastq.gz","0738e2589c5017358cd7f623f0e0c568","a886f8c44aa0594f299528166196fa2b","",131572,73926.0,223.0,83.0
"P158.E.WCOA21","COI_1835-2198_lerayfolmer","P26","P158.E.WCOA21_COI_run5","pmel_ome_run5",0.8,"nM","Qubit Fluorometer",35,"ATACATCACA","TCTCCATTGA","P158.E.WCOA21_COI_run5_R1.fastq.gz","P158.E.WCOA21_COI_run5_R2.fastq.gz","cef48a758e2e976bebc72f281a3c7ce8","886331d94f65c9c66bc4753e64b8298e","",41931,30876.0,90.0,57.0
"P159.E.WCOA21","COI_1835-2198_lerayfolmer","P26","P159.E.WCOA21_COI_run5","pmel_ome_run5",0.8,"nM","Qubit Fluorometer",35,"TAGGTATGTT","CGAGACCAAG","P159.E.WCOA21_COI_run5_R1.fastq.gz","P159.E.WCOA21_COI_run5_R2.fastq.gz","d635ef762207181d409870a7d2d8f74a","630904cafbe21252e73dd2dfbd5a434f","",121834,95108.0,96.0,38.0
"P160.E.WCOA21","COI_1835-2198_lerayfolmer","P26","P160.E.WCOA21_COI_run5","pmel_ome_run5",0.8,"nM","Qubit Fluorometer",35,"CACCTAGCAC","TGCTGGACAT","P160.E.WCOA21_COI_run5_R1.fastq.gz","P160.E.WCOA21_COI_run5_R2.fastq.gz","c86760cbab8d6de64b0c9c61cbea63c9","b0167297f4885867b937f2158421ed50","",140021,79900.0,505.0,185.0
"P161.E.WCOA21","COI_1835-2198_lerayfolmer","P26","P161.E.WCOA21_COI_run5","pmel_ome_run5",0.8,"nM","Qubit Fluorometer",35,"TTCAAGTATG","GATGGTATCG","P161.E.WCOA21_COI_run5_R1.fastq.gz","P161.E.WCOA21_COI_run5_R2.fastq.gz","a33aa0055eda80dbd5eb30aece91ccb0","1237a7efaca84db09a085a4d169de625","",98009,85889.0,148.0,75.0
"P162.E.WCOA21","COI_1835-2198_lerayfolmer","P26","P162.E.WCOA21_COI_run5","pmel_ome_run5",0.8,"nM","Qubit Fluorometer",35,"TTAAGACAAG","GGCTTAATTG","P162.E.WCOA21_COI_run5_R1.fastq.gz","P162.E.WCOA21_COI_run5_R2.fastq.gz","fb700772a168f42a0326a1764368bc72","9b3461c3ed2a5b10c7480d4b437db5cd","",149825,121405.0,324.0,118.0
"P102.E.WCOA21","COI_1835-2198_lerayfolmer","P26","P102.E.WCOA21_COI_run5","pmel_ome_run5",0.8,"nM","Qubit Fluorometer",35,"TTCTCGTGCA","ATACACAGAG","P102.E.WCOA21_COI_run5_R1.fastq.gz","P102.E.WCOA21_COI_run5_R2.fastq.gz","c140920b382f900179c3bdac5e235762","471e3c9b33b488c7e84c764070d3c189","",147781,125081.0,280.0,106.0
"P166.E.WCOA21","COI_1835-2198_lerayfolmer","P26","P166.E.WCOA21_COI_run5","pmel_ome_run5",0.8,"nM","Qubit Fluorometer",35,"GCTAGGAAGT","TCTCGGACGA","P166.E.WCOA21_COI_run5_R1.fastq.gz","P166.E.WCOA21_COI_run5_R2.fastq.gz","12e6e7d522ef2c2c4ef5d4365502a9f5","096ed9a685bc5a711b298829dc442c6f","",146971,118327.0,216.0,67.0
"P103.E.WCOA21","COI_1835-2198_lerayfolmer","P26","P103.E.WCOA21_COI_run5","pmel_ome_run5",0.8,"nM","Qubit Fluorometer",35,"TTAATAGCAC","ACCACGTCTG","P103.E.WCOA21_COI_run5_R1.fastq.gz","P103.E.WCOA21_COI_run5_R2.fastq.gz","db5f44609b86f4833667669492a72fdb","0175c30a0d73495ee4824029a0c16f37","",155156,123778.0,387.0,101.0
"P104.E.WCOA21","COI_1835-2198_lerayfolmer","P26","P104.E.WCOA21_COI_run5","pmel_ome_run5",0.8,"nM","Qubit Fluorometer",35,"CATTCACGCT","GTTGTACTCA","P104.E.WCOA21_COI_run5_R1.fastq.gz","P104.E.WCOA21_COI_run5_R2.fastq.gz","444d98d8cf0d837441cca3ee10c078c4","d312b2731904cf5a2d07ee9b670601c6","",136054,95491.0,563.0,156.0
"P169.E.WCOA21","COI_1835-2198_lerayfolmer","P26","P169.E.WCOA21_COI_run5","pmel_ome_run5",0.8,"nM","Qubit Fluorometer",35,"GGCACTAAGG","TCAGGTCAAC","P169.E.WCOA21_COI_run5_R1.fastq.gz","P169.E.WCOA21_COI_run5_R2.fastq.gz","adc1052646baf0116dc96a293ddef1b3","d5c50f0530ed3ea5b42595be632db526","",136456,94251.0,377.0,66.0
"P170.E.WCOA21","COI_1835-2198_lerayfolmer","P26","P170.E.WCOA21_COI_run5","pmel_ome_run5",0.8,"nM","Qubit Fluorometer",35,"ATTCGGTACA","AGTCCGAGGA","P170.E.WCOA21_COI_run5_R1.fastq.gz","P170.E.WCOA21_COI_run5_R2.fastq.gz","da55fda589226ea78ba8b28ac68556dc","c8fe13e779d4adde7ab2e348e81f5cbd","",10037,7947.0,32.0,25.0
"P171.E.WCOA21","COI_1835-2198_lerayfolmer","P26","P171.E.WCOA21_COI_run5","pmel_ome_run5",0.8,"nM","Qubit Fluorometer",35,"ACTAATCTCC","CACTTAATCT","P171.E.WCOA21_COI_run5_R1.fastq.gz","P171.E.WCOA21_COI_run5_R2.fastq.gz","ef497db2b141b9887e21b2d72ddb8a2e","2a58454da02cfe69d054ffbfc07c0b0e","",17099,14086.0,40.0,23.0
"P172.E.WCOA21","COI_1835-2198_lerayfolmer","P26","P172.E.WCOA21_COI_run5","pmel_ome_run5",0.8,"nM","Qubit Fluorometer",35,"TGTGTTAGTA","TACTCTGTTA","P172.E.WCOA21_COI_run5_R1.fastq.gz","P172.E.WCOA21_COI_run5_R2.fastq.gz","d995fb4aeb1209e4bb01009e7b25292b","fdd090bd2e6e11ddc02ae4fba6340150","",31627,26597.0,46.0,25.0
"P174.E.WCOA21","COI_1835-2198_lerayfolmer","P26","P174.E.WCOA21_COI_run5","pmel_ome_run5",0.8,"nM","Qubit Fluorometer",35,"CAACGACCTA","GCGACTCGAT","P174.E.WCOA21_COI_run5_R1.fastq.gz","P174.E.WCOA21_COI_run5_R2.fastq.gz","32a26f829a8b06f1144324810d42643b","e5a9faddad8d659721e7c85a4b28ce9a","",120449,91046.0,99.0,43.0
"P175.E.WCOA21","COI_1835-2198_lerayfolmer","P26","P175.E.WCOA21_COI_run5","pmel_ome_run5",0.8,"nM","Qubit Fluorometer",35,"CGGTCGGCAT","CTAGGCAAGG","P175.E.WCOA21_COI_run5_R1.fastq.gz","P175.E.WCOA21_COI_run5_R2.fastq.gz","01cff97fe14d37c7141f867ffcad3bbe","452a1a899f6fb36a77d70850f2cd6bf1","",1756,615.0,63.0,29.0
"P176.E.WCOA21","COI_1835-2198_lerayfolmer","P26","P176.E.WCOA21_COI_run5","pmel_ome_run5",0.8,"nM","Qubit Fluorometer",35,"TCGACGCTAG","CCTCTTCGAA","P176.E.WCOA21_COI_run5_R1.fastq.gz","P176.E.WCOA21_COI_run5_R2.fastq.gz","d6571cbc874f905b3a51f97a3aaf9aed","f9c2af8f744bf31a1c87af243fe7421f","",55566,23608.0,87.0,25.0
"P177.E.WCOA21","COI_1835-2198_lerayfolmer","P26","P177.E.WCOA21_COI_run5","pmel_ome_run5",0.8,"nM","Qubit Fluorometer",35,"CTCGTAGGCA","TCATCCTCTT","P177.E.WCOA21_COI_run5_R1.fastq.gz","P177.E.WCOA21_COI_run5_R2.fastq.gz","66c9358583e8bb41b60f8c9732f7905f","0f893a5deb0ff32e0aa2d3604e388606","",10604,8894.0,31.0,21.0
"P178.E.WCOA21","COI_1835-2198_lerayfolmer","P26","P178.E.WCOA21_COI_run5","pmel_ome_run5",0.8,"nM","Qubit Fluorometer",35,"AAGTTCTAGT","GGTAAGATAA","P178.E.WCOA21_COI_run5_R1.fastq.gz","P178.E.WCOA21_COI_run5_R2.fastq.gz","54487c9098809f11770007076bb7083b","1c367ac84ade5c8545446dec4ba7416d","",149172,86833.0,276.0,94.0
"P180.E.WCOA21","COI_1835-2198_lerayfolmer","P26","P180.E.WCOA21_COI_run5","pmel_ome_run5",0.8,"nM","Qubit Fluorometer",35,"CCAAGAGGTG","AACGAGCCAG","P180.E.WCOA21_COI_run5_R1.fastq.gz","P180.E.WCOA21_COI_run5_R2.fastq.gz","cfc47fc34e17d788906a07aed3cc6451","33bcc71d48784d282cf25cfb8e290593","",143746,95812.0,309.0,114.0
"P181.E.WCOA21","COI_1835-2198_lerayfolmer","P26","P181.E.WCOA21_COI_run5","pmel_ome_run5",0.8,"nM","Qubit Fluorometer",35,"ATATCTGCTT","TAGACAATCT","P181.E.WCOA21_COI_run5_R1.fastq.gz","P181.E.WCOA21_COI_run5_R2.fastq.gz","d3056da084033d2a93cb869b5c12d830","79b1684b9c98ecdf7cebc3878836d840","",87980,62348.0,101.0,56.0
"P182.E.WCOA21","COI_1835-2198_lerayfolmer","P26","P182.E.WCOA21_COI_run5","pmel_ome_run5",0.8,"nM","Qubit Fluorometer",35,"TGGATCTGGC","CAATGCTGAA","P182.E.WCOA21_COI_run5_R1.fastq.gz","P182.E.WCOA21_COI_run5_R2.fastq.gz","c6f97dec9b9d392635cbc90614cdeceb","2a7a06990860f607cad0782e8f1d7ac6","",120341,101424.0,137.0,42.0
"P183.E.WCOA21","COI_1835-2198_lerayfolmer","P26","P183.E.WCOA21_COI_run5","pmel_ome_run5",0.8,"nM","Qubit Fluorometer",35,"TTGAATCCAA","GTCACGGTGT","P183.E.WCOA21_COI_run5_R1.fastq.gz","P183.E.WCOA21_COI_run5_R2.fastq.gz","d6b9246610820616a808351741da72c0","9d0454a6f99c35eb3168be633a9f07ba","",130744,60642.0,267.0,104.0
"P105.E.WCOA21","COI_1835-2198_lerayfolmer","P26","P105.E.WCOA21_COI_run5","pmel_ome_run5",0.8,"nM","Qubit Fluorometer",35,"CACGGCTAGT","GGTGTACAAG","P105.E.WCOA21_COI_run5_R1.fastq.gz","P105.E.WCOA21_COI_run5_R2.fastq.gz","4cbface2133be68a4217658e07fb19b8","a4c0eda1f1fe1f412c7f138d74c716ae","",112618,72852.0,497.0,118.0
"P185.E.WCOA21","COI_1835-2198_lerayfolmer","P26","P185.E.WCOA21_COI_run5","pmel_ome_run5",0.8,"nM","Qubit Fluorometer",35,"GAGCTTGCCG","AGGTTGCAGG","P185.E.WCOA21_COI_run5_R1.fastq.gz","P185.E.WCOA21_COI_run5_R2.fastq.gz","f2906b4fc3033e12a6a693fc7cd70d9b","37dcd94be727f037f70983c8ac49af1a","",129285,106648.0,312.0,98.0
"P187.E.WCOA21","COI_1835-2198_lerayfolmer","P26","P187.E.WCOA21_COI_run5","pmel_ome_run5",0.8,"nM","Qubit Fluorometer",35,"AGCTAGCTTC","TAATACGGAG","P187.E.WCOA21_COI_run5_R1.fastq.gz","P187.E.WCOA21_COI_run5_R2.fastq.gz","b5f69a33c473ad6523882aecbc2407d4","4e97e8ee6c3c4d00a905d6536a2fc02b","",130265,114480.0,94.0,35.0
"P188.E.WCOA21","COI_1835-2198_lerayfolmer","P26","P188.E.WCOA21_COI_run5","pmel_ome_run5",0.8,"nM","Qubit Fluorometer",35,"CAATCCTTGT","CGAAGACGCA","P188.E.WCOA21_COI_run5_R1.fastq.gz","P188.E.WCOA21_COI_run5_R2.fastq.gz","963b20ebd42743c701f175fafa3b19ad","12290d32bb388425043a16a4de0d0fdd","",54469,42737.0,64.0,15.0
"P106.E.WCOA21","COI_1835-2198_lerayfolmer","P26","P106.E.WCOA21_COI_run5","pmel_ome_run5",0.8,"nM","Qubit Fluorometer",35,"CACCTGTTGC","ATTGACACAT","P106.E.WCOA21_COI_run5_R1.fastq.gz","P106.E.WCOA21_COI_run5_R2.fastq.gz","012beb68fd920f28d5e37c274e630e2c","b5f73424096074b654000cb8bfda4384","",154868,98332.0,238.0,42.0
"P190.E.WCOA21","COI_1835-2198_lerayfolmer","P26","P190.E.WCOA21_COI_run5","pmel_ome_run5",0.8,"nM","Qubit Fluorometer",35,"CGTCACCTTG","CAGCCGATTG","P190.E.WCOA21_COI_run5_R1.fastq.gz","P190.E.WCOA21_COI_run5_R2.fastq.gz","ea5477b61eafef135852355f92d17efd","48b6f2d903a56f2e48ff12af2156719a","",156468,102180.0,355.0,74.0
"P191.E.WCOA21","COI_1835-2198_lerayfolmer","P26","P191.E.WCOA21_COI_run5","pmel_ome_run5",0.8,"nM","Qubit Fluorometer",35,"AATGACTGGT","TCTCACGCGT","P191.E.WCOA21_COI_run5_R1.fastq.gz","P191.E.WCOA21_COI_run5_R2.fastq.gz","34b06faaeb8644eec7b5a792b87d7d98","cfb855085679d3ab99cb29cce6892487","",138389,106479.0,187.0,32.0
"P192.E.WCOA21","COI_1835-2198_lerayfolmer","P26","P192.E.WCOA21_COI_run5","pmel_ome_run5",0.8,"nM","Qubit Fluorometer",35,"ATGATTCCGG","CTCTGACGTG","P192.E.WCOA21_COI_run5_R1.fastq.gz","P192.E.WCOA21_COI_run5_R2.fastq.gz","305415b7558142acac0c07651a327dc4","3b0028989991b8b8ba3cfcf8fe148828","",161764,125096.0,136.0,17.0
"P193.E.WCOA21","COI_1835-2198_lerayfolmer","P26","P193.E.WCOA21_COI_run5","pmel_ome_run5",0.8,"nM","Qubit Fluorometer",35,"TTAGGCTCAA","TCGAATGGAA","P193.E.WCOA21_COI_run5_R1.fastq.gz","P193.E.WCOA21_COI_run5_R2.fastq.gz","1c71f87f2ff5cdf0ca12684024b0fcdd","b5d247d0393bce98491e2e99a149066b","",179494,117252.0,324.0,71.0
"P194.E.WCOA21","COI_1835-2198_lerayfolmer","P26","P194.E.WCOA21_COI_run5","pmel_ome_run5",0.8,"nM","Qubit Fluorometer",35,"TGTAAGGTGG","AAGGCCTTGG","P194.E.WCOA21_COI_run5_R1.fastq.gz","P194.E.WCOA21_COI_run5_R2.fastq.gz","46644d6ae3d42ab0b48658fc1aae6960","dd721ef903ffe4bee0f135e055f75879","",143335,117785.0,168.0,68.0
"P195.E.WCOA21","COI_1835-2198_lerayfolmer","P26","P195.E.WCOA21_COI_run5","pmel_ome_run5",0.8,"nM","Qubit Fluorometer",35,"CAACTGCAAC","TGAACGCAAC","P195.E.WCOA21_COI_run5_R1.fastq.gz","P195.E.WCOA21_COI_run5_R2.fastq.gz","412af673090dd15739a6c0d3457432c0","4e7497aeb468e7ec4ed8a4762a3f1425","",131355,96127.0,292.0,39.0
"P196.E.WCOA21","COI_1835-2198_lerayfolmer","P26","P196.E.WCOA21_COI_run5","pmel_ome_run5",0.8,"nM","Qubit Fluorometer",35,"ACATGAGTGA","CCGCTTAGCT","P196.E.WCOA21_COI_run5_R1.fastq.gz","P196.E.WCOA21_COI_run5_R2.fastq.gz","4ec076c413e07f616ea96299242c6628","50e1e5fa2dbc209ddefdc51201853116","",139259,75306.0,314.0,50.0
"P198.E.WCOA21","COI_1835-2198_lerayfolmer","P26","P198.E.WCOA21_COI_run5","pmel_ome_run5",0.8,"nM","Qubit Fluorometer",35,"GCAACCAGTC","CACCGAGGAA","P198.E.WCOA21_COI_run5_R1.fastq.gz","P198.E.WCOA21_COI_run5_R2.fastq.gz","2b31efb5317e203d8d349e2ccb246c5e","5b5713fa459b803677000fd8b049db3c","",184282,98616.0,189.0,70.0
"P199.E.WCOA21","COI_1835-2198_lerayfolmer","P26","P199.E.WCOA21_COI_run5","pmel_ome_run5",0.8,"nM","Qubit Fluorometer",35,"GAGCGACGAT","CGTATAATCA","P199.E.WCOA21_COI_run5_R1.fastq.gz","P199.E.WCOA21_COI_run5_R2.fastq.gz","f08b2da10d0a41675c87756d1955a02f","80ba740566a2aa7a90519192b7cecc8e","",62416,22428.0,39.0,19.0
"P200.E.WCOA21","COI_1835-2198_lerayfolmer","P26","P200.E.WCOA21_COI_run5","pmel_ome_run5",0.8,"nM","Qubit Fluorometer",35,"CGAACGCACC","ATGACAGAAC","P200.E.WCOA21_COI_run5_R1.fastq.gz","P200.E.WCOA21_COI_run5_R2.fastq.gz","2eb2ff6c718430f1aaa1fee52896dbf5","8760bc27f7a9fe8c570ebcaf58c1ba28","",174815,64875.0,211.0,44.0
"P201.E.WCOA21","COI_1835-2198_lerayfolmer","P26","P201.E.WCOA21_COI_run5","pmel_ome_run5",0.8,"nM","Qubit Fluorometer",35,"TCTTACGCCG","ATTCATTGCA","P201.E.WCOA21_COI_run5_R1.fastq.gz","P201.E.WCOA21_COI_run5_R2.fastq.gz","76bce402c8e9a27715404d3d810fc676","672dad82c6c4aa109f285e12f90418ae","",130561,111809.0,115.0,50.0
"P202.E.WCOA21","COI_1835-2198_lerayfolmer","P26","P202.E.WCOA21_COI_run5","pmel_ome_run5",0.8,"nM","Qubit Fluorometer",35,"AGCTGATGTC","TCATGTCCTG","P202.E.WCOA21_COI_run5_R1.fastq.gz","P202.E.WCOA21_COI_run5_R2.fastq.gz","7f6c8bc6ec833979b1bbb569c172de8b","390db1bdfb69b1acb7b9bdde852552a4","",149122,101302.0,146.0,37.0
"P204.E.WCOA21","COI_1835-2198_lerayfolmer","P26","P204.E.WCOA21_COI_run5","pmel_ome_run5",0.8,"nM","Qubit Fluorometer",35,"CTGAATTAGT","AATTCGATCG","P204.E.WCOA21_COI_run5_R1.fastq.gz","P204.E.WCOA21_COI_run5_R2.fastq.gz","add1323ba0a698f5eb479816b959dece","d50d3bbe8ce42eb640ef795cc49999f8","",171777,140424.0,322.0,138.0
"P205.E.WCOA21","COI_1835-2198_lerayfolmer","P26","P205.E.WCOA21_COI_run5","pmel_ome_run5",0.8,"nM","Qubit Fluorometer",35,"TAAGGAGGAA","TTCCGACATT","P205.E.WCOA21_COI_run5_R1.fastq.gz","P205.E.WCOA21_COI_run5_R2.fastq.gz","25df68e5004aa780902e8fdda0008a1c","158c0754a15b0208c963f7c16f7c45ed","",161992,77166.0,376.0,114.0
"P206.E.WCOA21","COI_1835-2198_lerayfolmer","P26","P206.E.WCOA21_COI_run5","pmel_ome_run5",0.8,"nM","Qubit Fluorometer",35,"AGCTTACACA","TGGCACGACC","P206.E.WCOA21_COI_run5_R1.fastq.gz","P206.E.WCOA21_COI_run5_R2.fastq.gz","00b8baed3596bd3e48ba06ecb64d2708","971f854883352e7131bbea2c48813d38","",211000,92124.0,219.0,77.0
"P207.E.WCOA21","COI_1835-2198_lerayfolmer","P26","P207.E.WCOA21_COI_run5","pmel_ome_run5",0.8,"nM","Qubit Fluorometer",35,"AACCAGCCAC","GCCACAGCAC","P207.E.WCOA21_COI_run5_R1.fastq.gz","P207.E.WCOA21_COI_run5_R2.fastq.gz","89cfaeb0615df364af8c4977572293af","f9ed43671bdde9a8e25c3938dba09630","",164423,91715.0,453.0,162.0
"P208.E.WCOA21","COI_1835-2198_lerayfolmer","P26","P208.E.WCOA21_COI_run5","pmel_ome_run5",0.8,"nM","Qubit Fluorometer",35,"CTTAAGTCGA","CAGTAGTTGT","P208.E.WCOA21_COI_run5_R1.fastq.gz","P208.E.WCOA21_COI_run5_R2.fastq.gz","305eac882ffa6a89d3608fd66cb2a2b9","a64df8fac02be3c1466f6d6cfe05aa3e","",105767,90419.0,139.0,68.0
"P209.E.WCOA21","COI_1835-2198_lerayfolmer","P26","P209.E.WCOA21_COI_run5","pmel_ome_run5",0.8,"nM","Qubit Fluorometer",35,"GCCTAACGTG","AGCTCTCAAG","P209.E.WCOA21_COI_run5_R1.fastq.gz","P209.E.WCOA21_COI_run5_R2.fastq.gz","cd9fee1253b003a5ffe6bbda0456f223","af6267ff8d486b78c60f9daf85273f01","",132307,94596.0,353.0,106.0
"P107.E.WCOA21","COI_1835-2198_lerayfolmer","P26","P107.E.WCOA21_COI_run5","pmel_ome_run5",0.8,"nM","Qubit Fluorometer",35,"ACTTACTTCA","TCTGGAATTA","P107.E.WCOA21_COI_run5_R1.fastq.gz","P107.E.WCOA21_COI_run5_R2.fastq.gz","25c55a0d1961c4b736b76a6fd48e558b","be76e29620916822a496b1d47f695e84","",169594,118255.0,362.0,49.0
"P109.E.WCOA21","lsu16s_2434-2571_kelly","P27","P109.E.WCOA21_Kelly16S_run5","pmel_ome_run5",0.8,"nM","Qubit Fluorometer",35,"CGCATTCCGT","ATTAGTGGAG","P109.E.WCOA21_Kelly16S_run5_R1.fastq.gz","P109.E.WCOA21_Kelly16S_run5_R2.fastq.gz","12949ba35c26e174e9a70ab9e85cb8b1","cc28d73a695ad4325a6cad1cac78b2d9","",593275,428689.0,143.0,40.0
"P110.E.WCOA21","lsu16s_2434-2571_kelly","P27","P110.E.WCOA21_Kelly16S_run5","pmel_ome_run5",0.8,"nM","Qubit Fluorometer",35,"GATATCACAC","GACTATATGT","P110.E.WCOA21_Kelly16S_run5_R1.fastq.gz","P110.E.WCOA21_Kelly16S_run5_R2.fastq.gz","0d7dff428cce1372f230c9f88f1cc236","2d35233692b4990363ebec426bff812e","",1021005,485370.0,137.0,50.0
"P111.E.WCOA21","lsu16s_2434-2571_kelly","P27","P111.E.WCOA21_Kelly16S_run5","pmel_ome_run5",0.8,"nM","Qubit Fluorometer",35,"AGCGCTGTGT","CGTTCGGAAC","P111.E.WCOA21_Kelly16S_run5_R1.fastq.gz","P111.E.WCOA21_Kelly16S_run5_R2.fastq.gz","55bc80d7377820a54f457190cb24b3fc","5eba31b02a0a467d796e60a9c8dbf1f7","",1022320,525420.0,112.0,33.0
"P112.E.WCOA21","lsu16s_2434-2571_kelly","P27","P112.E.WCOA21_Kelly16S_run5","pmel_ome_run5",0.8,"nM","Qubit Fluorometer",35,"TCACCGCGCT","TCGATACTAG","P112.E.WCOA21_Kelly16S_run5_R1.fastq.gz","P112.E.WCOA21_Kelly16S_run5_R2.fastq.gz","9516249fdf78e14d96d05c5ed04ab32b","129092d410b32556f6399790ed4a8c61","",1095405,417082.0,134.0,65.0
"P113.E.WCOA21","lsu16s_2434-2571_kelly","P27","P113.E.WCOA21_Kelly16S_run5","pmel_ome_run5",0.8,"nM","Qubit Fluorometer",35,"GATAGCCTTG","TACCACAATG","P113.E.WCOA21_Kelly16S_run5_R1.fastq.gz","P113.E.WCOA21_Kelly16S_run5_R2.fastq.gz","6f241a1367c454bd7386243c7c210ed1","b41c78735f6936f8ace90c1444523cca","",885573,632861.0,216.0,71.0
"P114.E.WCOA21","lsu16s_2434-2571_kelly","P27","P114.E.WCOA21_Kelly16S_run5","pmel_ome_run5",0.8,"nM","Qubit Fluorometer",35,"CCTGGACGCA","TGGTATACCA","P114.E.WCOA21_Kelly16S_run5_R1.fastq.gz","P114.E.WCOA21_Kelly16S_run5_R2.fastq.gz","bbba2697d58173517a5190d506dafb5d","90f869d2fbb61310f5b32190a6609ca4","",705351,567801.0,126.0,56.0
"P115.E.WCOA21","lsu16s_2434-2571_kelly","P27","P115.E.WCOA21_Kelly16S_run5","pmel_ome_run5",0.8,"nM","Qubit Fluorometer",35,"TTACGCACCT","GCTCTCGTTG","P115.E.WCOA21_Kelly16S_run5_R1.fastq.gz","P115.E.WCOA21_Kelly16S_run5_R2.fastq.gz","b0b24d877616eaa35962ea0a5afee3b4","4d3f5c7d11eea06706e4bb51082010cc","",1073712,467331.0,205.0,80.0
"P122.PE.WCOA21","lsu16s_2434-2571_kelly","P27","P122.PE.WCOA21_Kelly16S_run5","pmel_ome_run5",0.8,"nM","Qubit Fluorometer",35,"TCGTTGCTGC","GTCTCGTGAA","P122.PE.WCOA21_Kelly16S_run5_R1.fastq.gz","P122.PE.WCOA21_Kelly16S_run5_R2.fastq.gz","0b668d28956e63a870cedcfb337a9c64","44d2f02088f039debe49d64a026f2dea","",869672,815504.0,100.0,35.0
"P123.PE.WCOA21","lsu16s_2434-2571_kelly","P27","P123.PE.WCOA21_Kelly16S_run5","pmel_ome_run5",0.8,"nM","Qubit Fluorometer",35,"CGACAAGGAT","AAGGCCACCT","P123.PE.WCOA21_Kelly16S_run5_R1.fastq.gz","P123.PE.WCOA21_Kelly16S_run5_R2.fastq.gz","00135da5de71d4ae53123bcaefd8fc74","6c5acf792aba793a89e880e489cde736","",669184,417053.0,108.0,45.0
"P124.PE.WCOA21","lsu16s_2434-2571_kelly","P27","P124.PE.WCOA21_Kelly16S_run5","pmel_ome_run5",0.8,"nM","Qubit Fluorometer",35,"GTGTACCTTC","CTGTGAGCTA","P124.PE.WCOA21_Kelly16S_run5_R1.fastq.gz","P124.PE.WCOA21_Kelly16S_run5_R2.fastq.gz","0f388f71ffd3f08814641f1e39a3fa38","eac44d921e59504f1b8bac55825abb04","",101041,97472.0,109.0,39.0
"P125.PE.WCOA21","lsu16s_2434-2571_kelly","P27","P125.PE.WCOA21_Kelly16S_run5","pmel_ome_run5",0.8,"nM","Qubit Fluorometer",35,"ACCTGGCCAA","TCACAGATCG","P125.PE.WCOA21_Kelly16S_run5_R1.fastq.gz","P125.PE.WCOA21_Kelly16S_run5_R2.fastq.gz","d478f9918bca091803cac7df5f46fe51","536dac4d15a237c740f9c8dbb7c2579b","",785541,438821.0,210.0,74.0
"P126.PE.WCOA21","lsu16s_2434-2571_kelly","P27","P126.PE.WCOA21_Kelly16S_run5","pmel_ome_run5",0.8,"nM","Qubit Fluorometer",35,"TGTCTGGCCT","AGAAGCCAAT","P126.PE.WCOA21_Kelly16S_run5_R1.fastq.gz","P126.PE.WCOA21_Kelly16S_run5_R2.fastq.gz","84a2f1bd86a1e591bfd880cfffbf3cb1","472153acf1861b4e27a6aca7e9adf468","",614378,578929.0,71.0,21.0
"P131.PE.WCOA21","lsu16s_2434-2571_kelly","P27","P131.PE.WCOA21_Kelly16S_run5","pmel_ome_run5",0.8,"nM","Qubit Fluorometer",35,"AGTTAATGCT","ACTGCAGCCG","P131.PE.WCOA21_Kelly16S_run5_R1.fastq.gz","P131.PE.WCOA21_Kelly16S_run5_R2.fastq.gz","fed3d783ae784769d96ebc11f6aa1eef","fb1c85518a7f5bca4cdb5fc3d2c33ae1","",360581,255535.0,15.0,12.0
"P133.PE.WCOA21","lsu16s_2434-2571_kelly","P27","P133.PE.WCOA21_Kelly16S_run5","pmel_ome_run5",0.8,"nM","Qubit Fluorometer",35,"GGTGAGTAAT","AACATCTAGT","P133.PE.WCOA21_Kelly16S_run5_R1.fastq.gz","P133.PE.WCOA21_Kelly16S_run5_R2.fastq.gz","8c9bb069f53ced49e12ffd1fe660adcf","b811f9c65c70385cdde99d636e250080","",840806,774836.0,124.0,48.0
"P134.PE.WCOA21","lsu16s_2434-2571_kelly","P27","P134.PE.WCOA21_Kelly16S_run5","pmel_ome_run5",0.8,"nM","Qubit Fluorometer",35,"TACTCTGCGC","CCTTACTATG","P134.PE.WCOA21_Kelly16S_run5_R1.fastq.gz","P134.PE.WCOA21_Kelly16S_run5_R2.fastq.gz","0ae0f64a9a1cec920c5feca002cab7e7","6213a1c088a646361762c143500a4efa","",936428,611597.0,199.0,63.0
"P135.PE.WCOA21","lsu16s_2434-2571_kelly","P27","P135.PE.WCOA21_Kelly16S_run5","pmel_ome_run5",0.8,"nM","Qubit Fluorometer",35,"AGGTATGGCG","GTGGCGAGAC","P135.PE.WCOA21_Kelly16S_run5_R1.fastq.gz","P135.PE.WCOA21_Kelly16S_run5_R2.fastq.gz","3f5f3d578b786487b56280ab9c6f62f8","49cd5c464935b2f180f910c83c31ae3f","",631074,565687.0,206.0,69.0
"P170.PE.WCOA21","lsu16s_2434-2571_kelly","P27","P170.PE.WCOA21_Kelly16S_run5","pmel_ome_run5",0.8,"nM","Qubit Fluorometer",35,"TCCAGCCTGC","GCCAGATCCA","P170.PE.WCOA21_Kelly16S_run5_R1.fastq.gz","P170.PE.WCOA21_Kelly16S_run5_R2.fastq.gz","7adbfc4d7e0281c89be3e15bd8ba7ef9","02016d1f40c00a08ae6c3f167b9f3e9e","",639531,462017.0,86.0,34.0
"P172.PE.WCOA21","lsu16s_2434-2571_kelly","P27","P172.PE.WCOA21_Kelly16S_run5","pmel_ome_run5",0.8,"nM","Qubit Fluorometer",35,"GCCATATAAC","ACACAATATC","P172.PE.WCOA21_Kelly16S_run5_R1.fastq.gz","P172.PE.WCOA21_Kelly16S_run5_R2.fastq.gz","abca65e358dd8b6492c99b246b657f9e","136dbcbb503bc1a878b869fb5e0941dd","",796255,739433.0,152.0,42.0
"P174.PE.WCOA21","lsu16s_2434-2571_kelly","P27","P174.PE.WCOA21_Kelly16S_run5","pmel_ome_run5",0.8,"nM","Qubit Fluorometer",35,"AGTGCGAGTG","TGGAGGTAAT","P174.PE.WCOA21_Kelly16S_run5_R1.fastq.gz","P174.PE.WCOA21_Kelly16S_run5_R2.fastq.gz","e768110cffa2866659d4b3886d54e83f","f1154d180f8bf6ee88d6f1a66f8232e0","",655016,249388.0,101.0,34.0
"P101.E.PE.WCOA21","lsu16s_2434-2571_kelly","P27","P101.E.PE.WCOA21_Kelly16S_run5","pmel_ome_run5",0.8,"nM","Qubit Fluorometer",35,"CTGAGCCGGT","CCTTCACGTA","P101.E.PE.WCOA21_Kelly16S_run5_R1.fastq.gz","P101.E.PE.WCOA21_Kelly16S_run5_R2.fastq.gz","52f05cb4d45344e80976d576e839f677","4ef5c3e69470323aa1623649df099eb7","",706581,662882.0,84.0,27.0
"P102.E.PE.WCOA21","lsu16s_2434-2571_kelly","P27","P102.E.PE.WCOA21_Kelly16S_run5","pmel_ome_run5",0.8,"nM","Qubit Fluorometer",35,"AACGGTCTAT","CTATACGCGG","P102.E.PE.WCOA21_Kelly16S_run5_R1.fastq.gz","P102.E.PE.WCOA21_Kelly16S_run5_R2.fastq.gz","9ab20042185132f82fcd23f7bde19b81","f046b37be1bf7bd8cc0aaf415e878ded","",629695,575852.0,96.0,48.0
"P103.E.PE.WCOA21","lsu16s_2434-2571_kelly","P27","P103.E.PE.WCOA21_Kelly16S_run5","pmel_ome_run5",0.8,"nM","Qubit Fluorometer",35,"GTTGCGTTCA","GTTGCAGTTG","P103.E.PE.WCOA21_Kelly16S_run5_R1.fastq.gz","P103.E.PE.WCOA21_Kelly16S_run5_R2.fastq.gz","ba79126e944b93bd4531ab1a66fe2d41","1db200677c3bc3fa8c091de0bfd6c48d","",529524,462413.0,69.0,29.0
"P104.E.PE.WCOA21","lsu16s_2434-2571_kelly","P27","P104.E.PE.WCOA21_Kelly16S_run5","pmel_ome_run5",0.8,"nM","Qubit Fluorometer",35,"CTTCAACCAC","TTATGCGCCT","P104.E.PE.WCOA21_Kelly16S_run5_R1.fastq.gz","P104.E.PE.WCOA21_Kelly16S_run5_R2.fastq.gz","264bfde78ba74bcefbc3880238de0474","1cbeb5bf11b529ac42b73e3710bbc30e","",726628,550477.0,255.0,105.0
"P105.E.PE.WCOA21","lsu16s_2434-2571_kelly","P27","P105.E.PE.WCOA21_Kelly16S_run5","pmel_ome_run5",0.8,"nM","Qubit Fluorometer",35,"TCTATTCAGT","TCTCAGTACA","P105.E.PE.WCOA21_Kelly16S_run5_R1.fastq.gz","P105.E.PE.WCOA21_Kelly16S_run5_R2.fastq.gz","895ef82afce993a3574fdb282f3371a1","a07ca3b99eb8c9f858e04760181aa856","",132016,127584.0,93.0,45.0
"P106.E.PE.WCOA21","lsu16s_2434-2571_kelly","P27","P106.E.PE.WCOA21_Kelly16S_run5","pmel_ome_run5",0.8,"nM","Qubit Fluorometer",35,"CAAGACGTCC","AGTATACGGA","P106.E.PE.WCOA21_Kelly16S_run5_R1.fastq.gz","P106.E.PE.WCOA21_Kelly16S_run5_R2.fastq.gz","7dc3fb32a2891f61a4658dcd0403a044","e739834580cfb2528e5106930c6a39d1","",648639,615534.0,58.0,30.0
"P107.E.PE.WCOA21","lsu16s_2434-2571_kelly","P27","P107.E.PE.WCOA21_Kelly16S_run5","pmel_ome_run5",0.8,"nM","Qubit Fluorometer",35,"TGAGTACAAC","ACGCTTGGAC","P107.E.PE.WCOA21_Kelly16S_run5_R1.fastq.gz","P107.E.PE.WCOA21_Kelly16S_run5_R2.fastq.gz","01d2c5a2048d2e4425aaaaf0dba77134","7d60b5eb2107c471976278f623589142","",459584,357053.0,62.0,23.0
"P109.E.PE.WCOA21","lsu16s_2434-2571_kelly","P27","P109.E.PE.WCOA21_Kelly16S_run5","pmel_ome_run5",0.8,"nM","Qubit Fluorometer",35,"CCGCGGTTCT","GGAGTAGATT","P109.E.PE.WCOA21_Kelly16S_run5_R1.fastq.gz","P109.E.PE.WCOA21_Kelly16S_run5_R2.fastq.gz","338055ebeb9889e2f42dbf861c69a91e","09684cc03ef7435eb63abd869d6f20ec","",746909,589422.0,119.0,47.0
"P110.E.PE.WCOA21","lsu16s_2434-2571_kelly","P27","P110.E.PE.WCOA21_Kelly16S_run5","pmel_ome_run5",0.8,"nM","Qubit Fluorometer",35,"ATTGATACTG","TACACGCTCC","P110.E.PE.WCOA21_Kelly16S_run5_R1.fastq.gz","P110.E.PE.WCOA21_Kelly16S_run5_R2.fastq.gz","78e1528fc686a0b4d7108eba63ca7485","635ec4aaa5b573a9999e28c5034bfd96","",944109,719397.0,135.0,46.0
"P111.E.PE.WCOA21","lsu16s_2434-2571_kelly","P27","P111.E.PE.WCOA21_Kelly16S_run5","pmel_ome_run5",0.8,"nM","Qubit Fluorometer",35,"GGATTATGGA","TCCGATAGAG","P111.E.PE.WCOA21_Kelly16S_run5_R1.fastq.gz","P111.E.PE.WCOA21_Kelly16S_run5_R2.fastq.gz","a3d759790557e02f82180105ce7b5e37","cdc92c1cd88ec7af2abf1df320528f0d","",561396,495176.0,166.0,48.0
"P112.E.PE.WCOA21","lsu16s_2434-2571_kelly","P27","P112.E.PE.WCOA21_Kelly16S_run5","pmel_ome_run5",0.8,"nM","Qubit Fluorometer",35,"TGGTTCTCAT","CTCAAGGCCG","P112.E.PE.WCOA21_Kelly16S_run5_R1.fastq.gz","P112.E.PE.WCOA21_Kelly16S_run5_R2.fastq.gz","1428cafe4527a19715f67b4d51b446e2","09aa1579ea8a7c2e0bf77394267b2261","",817271,726704.0,130.0,67.0
"P113.E.PE.WCOA21","lsu16s_2434-2571_kelly","P27","P113.E.PE.WCOA21_Kelly16S_run5","pmel_ome_run5",0.8,"nM","Qubit Fluorometer",35,"TCAACCACGA","CAAGTTCATA","P113.E.PE.WCOA21_Kelly16S_run5_R1.fastq.gz","P113.E.PE.WCOA21_Kelly16S_run5_R2.fastq.gz","749d9c04b8f80a757eacbaa0c5eee208","4e54ad6af0a090504e26657201597ae9","",903896,709457.0,177.0,64.0
"P114.E.PE.WCOA21","lsu16s_2434-2571_kelly","P27","P114.E.PE.WCOA21_Kelly16S_run5","pmel_ome_run5",0.8,"nM","Qubit Fluorometer",35,"TATGAACTTG","AATCCTTAGG","P114.E.PE.WCOA21_Kelly16S_run5_R1.fastq.gz","P114.E.PE.WCOA21_Kelly16S_run5_R2.fastq.gz","43bf6ca91c656c0200999070b9f3b3b9","a1dd011fd79671412c423e0ed08edbea","",511305,423031.0,106.0,50.0
"P115.E.PE.WCOA21","lsu16s_2434-2571_kelly","P27","P115.E.PE.WCOA21_Kelly16S_run5","pmel_ome_run5",0.8,"nM","Qubit Fluorometer",35,"AGTGGTTAAG","GGTGGAATAC","P115.E.PE.WCOA21_Kelly16S_run5_R1.fastq.gz","P115.E.PE.WCOA21_Kelly16S_run5_R2.fastq.gz","caab01009588d520cafeef7bf164bec5","63524f925f08846b4880b3e62fae8bc5","",712929,607210.0,109.0,60.0
"P109.E.WCOA21","ssu18sv8_machida","P27","P109.E.WCOA21_Machida18S_run5","pmel_ome_run5",0.8,"nM","Qubit Fluorometer",35,"CGCATTCCGT","ATTAGTGGAG","P109.E.WCOA21_Machida18S_run5_R1.fastq.gz","P109.E.WCOA21_Machida18S_run5_R2.fastq.gz","1571bcf168653706debd3b99e13a76a8","eca98c8b85098d89d95a8917a08680ce","",209465,142438.0,181.0,119.0
"P110.E.WCOA21","ssu18sv8_machida","P27","P110.E.WCOA21_Machida18S_run5","pmel_ome_run5",0.8,"nM","Qubit Fluorometer",35,"GATATCACAC","GACTATATGT","P110.E.WCOA21_Machida18S_run5_R1.fastq.gz","P110.E.WCOA21_Machida18S_run5_R2.fastq.gz","dbcc7d79d4a7658a80bcf37c78960c97","1376304b06938d0f706a0aa7e0d71eed","",228490,127069.0,228.0,152.0
"P111.E.WCOA21","ssu18sv8_machida","P27","P111.E.WCOA21_Machida18S_run5","pmel_ome_run5",0.8,"nM","Qubit Fluorometer",35,"AGCGCTGTGT","CGTTCGGAAC","P111.E.WCOA21_Machida18S_run5_R1.fastq.gz","P111.E.WCOA21_Machida18S_run5_R2.fastq.gz","c24ccea1d81e3301dd79c204d09316c0","bbfb18ccaddf7a7958f7dfb33c3ddefb","",252980,182438.0,167.0,103.0
"P112.E.WCOA21","ssu18sv8_machida","P27","P112.E.WCOA21_Machida18S_run5","pmel_ome_run5",0.8,"nM","Qubit Fluorometer",35,"TCACCGCGCT","TCGATACTAG","P112.E.WCOA21_Machida18S_run5_R1.fastq.gz","P112.E.WCOA21_Machida18S_run5_R2.fastq.gz","3699dd21e983359a75083ec4901deb50","f1a814114d411fcf0be9a0f98f04d543","",220587,132963.0,226.0,139.0
"P113.E.WCOA21","ssu18sv8_machida","P27","P113.E.WCOA21_Machida18S_run5","pmel_ome_run5",0.8,"nM","Qubit Fluorometer",35,"GATAGCCTTG","TACCACAATG","P113.E.WCOA21_Machida18S_run5_R1.fastq.gz","P113.E.WCOA21_Machida18S_run5_R2.fastq.gz","c398f88d1b237c7fe0d61c8afef3df63","20829c69b1a783d782dd5e945795ee13","",216299,137215.0,334.0,218.0
"P114.E.WCOA21","ssu18sv8_machida","P27","P114.E.WCOA21_Machida18S_run5","pmel_ome_run5",0.8,"nM","Qubit Fluorometer",35,"CCTGGACGCA","TGGTATACCA","P114.E.WCOA21_Machida18S_run5_R1.fastq.gz","P114.E.WCOA21_Machida18S_run5_R2.fastq.gz","1556d6199aa492e777d5787b852d2648","d13181c1caf249f15ba04397cdc52942","",160389,92366.0,285.0,184.0
"P115.E.WCOA21","ssu18sv8_machida","P27","P115.E.WCOA21_Machida18S_run5","pmel_ome_run5",0.8,"nM","Qubit Fluorometer",35,"TTACGCACCT","GCTCTCGTTG","P115.E.WCOA21_Machida18S_run5_R1.fastq.gz","P115.E.WCOA21_Machida18S_run5_R2.fastq.gz","0e7ba47ea762ee6246e5860689f53ab5","9238915de2663a49f6577d07aa937bff","",248662,139096.0,534.0,293.0
"P122.PE.WCOA21","ssu18sv8_machida","P27","P122.PE.WCOA21_Machida18S_run5","pmel_ome_run5",0.8,"nM","Qubit Fluorometer",35,"TCGTTGCTGC","GTCTCGTGAA","P122.PE.WCOA21_Machida18S_run5_R1.fastq.gz","P122.PE.WCOA21_Machida18S_run5_R2.fastq.gz","8ebdeaed0f72e9cc88d75aff9f985d09","f4096d1f7b811b07b425ff149e2985a2","",236123,149000.0,142.0,75.0
"P123.PE.WCOA21","ssu18sv8_machida","P27","P123.PE.WCOA21_Machida18S_run5","pmel_ome_run5",0.8,"nM","Qubit Fluorometer",35,"CGACAAGGAT","AAGGCCACCT","P123.PE.WCOA21_Machida18S_run5_R1.fastq.gz","P123.PE.WCOA21_Machida18S_run5_R2.fastq.gz","bc70b20af9070a60f4d9fb7d6e5448bc","17d2c23f27d7f7bc19df0ab79ac3c8d9","",199315,115893.0,216.0,145.0
"P125.PE.WCOA21","ssu18sv8_machida","P27","P125.PE.WCOA21_Machida18S_run5","pmel_ome_run5",0.8,"nM","Qubit Fluorometer",35,"ACCTGGCCAA","TCACAGATCG","P125.PE.WCOA21_Machida18S_run5_R1.fastq.gz","P125.PE.WCOA21_Machida18S_run5_R2.fastq.gz","119d8a9d2b5881c96a39bf78dc26d2ef","9d5294a66d432e0cb7cb8aabcf5bab47","",180135,119456.0,330.0,217.0
"P126.PE.WCOA21","ssu18sv8_machida","P27","P126.PE.WCOA21_Machida18S_run5","pmel_ome_run5",0.8,"nM","Qubit Fluorometer",35,"TGTCTGGCCT","AGAAGCCAAT","P126.PE.WCOA21_Machida18S_run5_R1.fastq.gz","P126.PE.WCOA21_Machida18S_run5_R2.fastq.gz","cb5817a94cd4aa13e154f6ef752356cb","a9a0311075fad81dba465dac0230f8df","",169401,117295.0,118.0,53.0
"P131.PE.WCOA21","ssu18sv8_machida","P27","P131.PE.WCOA21_Machida18S_run5","pmel_ome_run5",0.8,"nM","Qubit Fluorometer",35,"AGTTAATGCT","ACTGCAGCCG","P131.PE.WCOA21_Machida18S_run5_R1.fastq.gz","P131.PE.WCOA21_Machida18S_run5_R2.fastq.gz","65a2de8b1012cc90585c612823767bf1","07a8d5040a6e9804e27ee1d8fe4d8bfd","",225782,136780.0,224.0,147.0
"P133.PE.WCOA21","ssu18sv8_machida","P27","P133.PE.WCOA21_Machida18S_run5","pmel_ome_run5",0.8,"nM","Qubit Fluorometer",35,"GGTGAGTAAT","AACATCTAGT","P133.PE.WCOA21_Machida18S_run5_R1.fastq.gz","P133.PE.WCOA21_Machida18S_run5_R2.fastq.gz","3534fc536887c72c92cb7afde373ba7b","1d0dedd34c3fa835df5481d617c00005","",195163,119831.0,279.0,156.0
"P134.PE.WCOA21","ssu18sv8_machida","P27","P134.PE.WCOA21_Machida18S_run5","pmel_ome_run5",0.8,"nM","Qubit Fluorometer",35,"TACTCTGCGC","CCTTACTATG","P134.PE.WCOA21_Machida18S_run5_R1.fastq.gz","P134.PE.WCOA21_Machida18S_run5_R2.fastq.gz","07f2dc17e1ad3024567ad39117aa182d","4761fe7d48813998a5a2250c0ae59e2d","",162146,87918.0,277.0,157.0
"P135.PE.WCOA21","ssu18sv8_machida","P27","P135.PE.WCOA21_Machida18S_run5","pmel_ome_run5",0.8,"nM","Qubit Fluorometer",35,"AGGTATGGCG","GTGGCGAGAC","P135.PE.WCOA21_Machida18S_run5_R1.fastq.gz","P135.PE.WCOA21_Machida18S_run5_R2.fastq.gz","66d0e566ededa035d7f7b857d04587fb","889c6703dcaf74c354a8e5b81db74572","",212892,141267.0,257.0,148.0
"P170.PE.WCOA21","ssu18sv8_machida","P27","P170.PE.WCOA21_Machida18S_run5","pmel_ome_run5",0.8,"nM","Qubit Fluorometer",35,"TCCAGCCTGC","GCCAGATCCA","P170.PE.WCOA21_Machida18S_run5_R1.fastq.gz","P170.PE.WCOA21_Machida18S_run5_R2.fastq.gz","8194a056edeb5ebba8e2c8c3983132a6","2f55184f25558bea156d48e1fc469ee8","",198585,114085.0,171.0,107.0
"P172.PE.WCOA21","ssu18sv8_machida","P27","P172.PE.WCOA21_Machida18S_run5","pmel_ome_run5",0.8,"nM","Qubit Fluorometer",35,"GCCATATAAC","ACACAATATC","P172.PE.WCOA21_Machida18S_run5_R1.fastq.gz","P172.PE.WCOA21_Machida18S_run5_R2.fastq.gz","214b50e5b5e36564ddc378486ee37c14","7d4a44949a17ce8b16187ff7f2d01050","",234010,153634.0,203.0,80.0
"P174.PE.WCOA21","ssu18sv8_machida","P27","P174.PE.WCOA21_Machida18S_run5","pmel_ome_run5",0.8,"nM","Qubit Fluorometer",35,"AGTGCGAGTG","TGGAGGTAAT","P174.PE.WCOA21_Machida18S_run5_R1.fastq.gz","P174.PE.WCOA21_Machida18S_run5_R2.fastq.gz","cfc8c6aa3f2667ac60e16db1182a4387","d92defbd0a519db3fa4e955809dd70d3","",21693,17491.0,46.0,36.0
"P101.E.PE.WCOA21","ssu18sv8_machida","P27","P101.E.PE.WCOA21_Machida18S_run5","pmel_ome_run5",0.8,"nM","Qubit Fluorometer",35,"CTGAGCCGGT","CCTTCACGTA","P101.E.PE.WCOA21_Machida18S_run5_R1.fastq.gz","P101.E.PE.WCOA21_Machida18S_run5_R2.fastq.gz","c49c3b32eaf63a86d1c29c0b73daefe5","d70ff16474a153ccb86f331b5bf9530b","",166208,102849.0,115.0,62.0
"P102.E.PE.WCOA21","ssu18sv8_machida","P27","P102.E.PE.WCOA21_Machida18S_run5","pmel_ome_run5",0.8,"nM","Qubit Fluorometer",35,"AACGGTCTAT","CTATACGCGG","P102.E.PE.WCOA21_Machida18S_run5_R1.fastq.gz","P102.E.PE.WCOA21_Machida18S_run5_R2.fastq.gz","57a59351eb012984baea302327c1f3e4","f04d2c2d2bda883d6aad1ccbfb9f5a8e","",183578,110493.0,150.0,97.0
"P103.E.PE.WCOA21","ssu18sv8_machida","P27","P103.E.PE.WCOA21_Machida18S_run5","pmel_ome_run5",0.8,"nM","Qubit Fluorometer",35,"GTTGCGTTCA","GTTGCAGTTG","P103.E.PE.WCOA21_Machida18S_run5_R1.fastq.gz","P103.E.PE.WCOA21_Machida18S_run5_R2.fastq.gz","066aa0dec4291571806d240ad0115462","e2d0bf6429e6e7e72df9ed35a0df98bc","",157594,107254.0,132.0,85.0
"P104.E.PE.WCOA21","ssu18sv8_machida","P27","P104.E.PE.WCOA21_Machida18S_run5","pmel_ome_run5",0.8,"nM","Qubit Fluorometer",35,"CTTCAACCAC","TTATGCGCCT","P104.E.PE.WCOA21_Machida18S_run5_R1.fastq.gz","P104.E.PE.WCOA21_Machida18S_run5_R2.fastq.gz","a1cec127581870311c9a7a9572ed32e2","5ad0f038d15639a07030d60a4002aeb4","",238762,143412.0,287.0,208.0
"P105.E.PE.WCOA21","ssu18sv8_machida","P27","P105.E.PE.WCOA21_Machida18S_run5","pmel_ome_run5",0.8,"nM","Qubit Fluorometer",35,"TCTATTCAGT","TCTCAGTACA","P105.E.PE.WCOA21_Machida18S_run5_R1.fastq.gz","P105.E.PE.WCOA21_Machida18S_run5_R2.fastq.gz","dfff35f70b9acb1e2c3a6ec26455eac2","2bbda4ce7ab900e11f63e4740f5b2edd","",82434,66216.0,111.0,82.0
"P106.E.PE.WCOA21","ssu18sv8_machida","P27","P106.E.PE.WCOA21_Machida18S_run5","pmel_ome_run5",0.8,"nM","Qubit Fluorometer",35,"CAAGACGTCC","AGTATACGGA","P106.E.PE.WCOA21_Machida18S_run5_R1.fastq.gz","P106.E.PE.WCOA21_Machida18S_run5_R2.fastq.gz","3993d62fc3e0c6c08d0871ea1b3c5a72","eabaac45356cc5a2c42ea492543befa1","",187451,120095.0,134.0,51.0
"P107.E.PE.WCOA21","ssu18sv8_machida","P27","P107.E.PE.WCOA21_Machida18S_run5","pmel_ome_run5",0.8,"nM","Qubit Fluorometer",35,"TGAGTACAAC","ACGCTTGGAC","P107.E.PE.WCOA21_Machida18S_run5_R1.fastq.gz","P107.E.PE.WCOA21_Machida18S_run5_R2.fastq.gz","537de310e81341be60e8752e35dcd3b1","638d441d9799661ec9c7bd753632c9e3","",199380,121835.0,141.0,60.0
"P109.E.PE.WCOA21","ssu18sv8_machida","P27","P109.E.PE.WCOA21_Machida18S_run5","pmel_ome_run5",0.8,"nM","Qubit Fluorometer",35,"CCGCGGTTCT","GGAGTAGATT","P109.E.PE.WCOA21_Machida18S_run5_R1.fastq.gz","P109.E.PE.WCOA21_Machida18S_run5_R2.fastq.gz","8121b7a62d944550f0e4fe07574e5c33","4fd9f2d451b6c49aafd3f0acd3d72c1d","",185023,104702.0,161.0,100.0
"P110.E.PE.WCOA21","ssu18sv8_machida","P27","P110.E.PE.WCOA21_Machida18S_run5","pmel_ome_run5",0.8,"nM","Qubit Fluorometer",35,"ATTGATACTG","TACACGCTCC","P110.E.PE.WCOA21_Machida18S_run5_R1.fastq.gz","P110.E.PE.WCOA21_Machida18S_run5_R2.fastq.gz","9bda98a7bd9c715637fcfbeca75e08ae","17cddfaf26a6fa6afa3aa10aefb97fa1","",196571,118102.0,232.0,146.0
"P111.E.PE.WCOA21","ssu18sv8_machida","P27","P111.E.PE.WCOA21_Machida18S_run5","pmel_ome_run5",0.8,"nM","Qubit Fluorometer",35,"GGATTATGGA","TCCGATAGAG","P111.E.PE.WCOA21_Machida18S_run5_R1.fastq.gz","P111.E.PE.WCOA21_Machida18S_run5_R2.fastq.gz","64bb5d9e5d31b25df2327a9d86fecdf3","4a8f7c33266e822a89b0eefb2f47bda2","",114893,61542.0,145.0,93.0
"P112.E.PE.WCOA21","ssu18sv8_machida","P27","P112.E.PE.WCOA21_Machida18S_run5","pmel_ome_run5",0.8,"nM","Qubit Fluorometer",35,"TGGTTCTCAT","CTCAAGGCCG","P112.E.PE.WCOA21_Machida18S_run5_R1.fastq.gz","P112.E.PE.WCOA21_Machida18S_run5_R2.fastq.gz","fbd4fffb0b18c1340a65587ff81003dd","a92be577e3aa33816e41ea803c6cdca9","",155491,101350.0,239.0,151.0
"P113.E.PE.WCOA21","ssu18sv8_machida","P27","P113.E.PE.WCOA21_Machida18S_run5","pmel_ome_run5",0.8,"nM","Qubit Fluorometer",35,"TCAACCACGA","CAAGTTCATA","P113.E.PE.WCOA21_Machida18S_run5_R1.fastq.gz","P113.E.PE.WCOA21_Machida18S_run5_R2.fastq.gz","ab70f95acf033af38f28340879f9d2cb","ba6a9bcd22f6e0e7f9d1b5b091004ce0","",148886,81018.0,200.0,147.0
"P114.E.PE.WCOA21","ssu18sv8_machida","P27","P114.E.PE.WCOA21_Machida18S_run5","pmel_ome_run5",0.8,"nM","Qubit Fluorometer",35,"TATGAACTTG","AATCCTTAGG","P114.E.PE.WCOA21_Machida18S_run5_R1.fastq.gz","P114.E.PE.WCOA21_Machida18S_run5_R2.fastq.gz","f6e324fcf44c95de9d172914bcb6ec9b","77510cda7c19cfd580f821a6fda118d0","",201034,111834.0,229.0,154.0
"P115.E.PE.WCOA21","ssu18sv8_machida","P27","P115.E.PE.WCOA21_Machida18S_run5","pmel_ome_run5",0.8,"nM","Qubit Fluorometer",35,"AGTGGTTAAG","GGTGGAATAC","P115.E.PE.WCOA21_Machida18S_run5_R1.fastq.gz","P115.E.PE.WCOA21_Machida18S_run5_R2.fastq.gz","dad5fd6a0d346fcbe18abd6f70e3a034","2e3d16ef1319f11851155a0610984a80","",240452,117322.0,354.0,193.0
"run5.Machida18S.POSITIVE","ssu18sv8_machida","P27","run5.Machida18S.POSITIVE_Machida18S_run5","pmel_ome_run5",0.8,"nM","Qubit Fluorometer",35,"TCTTGTCGGC","CCACCTGTGT","run5.Machida18S.POSITIVE_Machida18S_run5_R1.fastq.gz","run5.Machida18S.POSITIVE_Machida18S_run5_R2.fastq.gz","d5f8aee5fb8a957477d6d73a60e5e9a8","105ddae7d328016d4735c0231b044498","",11049,8727.0,4.0,3.0
"P109.E.WCOA21","lsu16s_2051-2438_mideca_komai","P27","P109.E.WCOA21_MiDeca_run5","pmel_ome_run5",0.8,"nM","Qubit Fluorometer",35,"CGCATTCCGT","ATTAGTGGAG","P109.E.WCOA21_MiDeca_run5_R1.fastq.gz","P109.E.WCOA21_MiDeca_run5_R2.fastq.gz","eea09bc39017d234826705089b9e1bf2","23e0519247491ff6732cd44fb7fc8b52","",593275,428689.0,46.0,20.0
"P110.E.WCOA21","lsu16s_2051-2438_mideca_komai","P27","P110.E.WCOA21_MiDeca_run5","pmel_ome_run5",0.8,"nM","Qubit Fluorometer",35,"GATATCACAC","GACTATATGT","P110.E.WCOA21_MiDeca_run5_R1.fastq.gz","P110.E.WCOA21_MiDeca_run5_R2.fastq.gz","a324084ff6e497e94a933d8d88798bb6","05356d6374873a775047718ae397b048","",1021005,485370.0,47.0,17.0
"P111.E.WCOA21","lsu16s_2051-2438_mideca_komai","P27","P111.E.WCOA21_MiDeca_run5","pmel_ome_run5",0.8,"nM","Qubit Fluorometer",35,"AGCGCTGTGT","CGTTCGGAAC","P111.E.WCOA21_MiDeca_run5_R1.fastq.gz","P111.E.WCOA21_MiDeca_run5_R2.fastq.gz","e29885ec5e46293d32c43758ce5881ba","9bae8eb8620d39cd5e903f02e7f5cc1f","",1022320,525420.0,30.0,14.0
"P112.E.WCOA21","lsu16s_2051-2438_mideca_komai","P27","P112.E.WCOA21_MiDeca_run5","pmel_ome_run5",0.8,"nM","Qubit Fluorometer",35,"TCACCGCGCT","TCGATACTAG","P112.E.WCOA21_MiDeca_run5_R1.fastq.gz","P112.E.WCOA21_MiDeca_run5_R2.fastq.gz","b95ddca22037c6f9a4dc274426cc3f67","7fe3e19f9faa6cad780639b262a03c1c","",1095405,417082.0,58.0,21.0
"P113.E.WCOA21","lsu16s_2051-2438_mideca_komai","P27","P113.E.WCOA21_MiDeca_run5","pmel_ome_run5",0.8,"nM","Qubit Fluorometer",35,"GATAGCCTTG","TACCACAATG","P113.E.WCOA21_MiDeca_run5_R1.fastq.gz","P113.E.WCOA21_MiDeca_run5_R2.fastq.gz","e69646be24d1d2265c05e8df0b5773b7","770887681d008d5dd26401e84ce04171","",885573,632861.0,64.0,24.0
"P114.E.WCOA21","lsu16s_2051-2438_mideca_komai","P27","P114.E.WCOA21_MiDeca_run5","pmel_ome_run5",0.8,"nM","Qubit Fluorometer",35,"CCTGGACGCA","TGGTATACCA","P114.E.WCOA21_MiDeca_run5_R1.fastq.gz","P114.E.WCOA21_MiDeca_run5_R2.fastq.gz","d27414220a1e90dc21d02d30dc096ed8","373336b3ba4044650bb9e889ea2a5ea4","",705351,567801.0,75.0,30.0
"P115.E.WCOA21","lsu16s_2051-2438_mideca_komai","P27","P115.E.WCOA21_MiDeca_run5","pmel_ome_run5",0.8,"nM","Qubit Fluorometer",35,"TTACGCACCT","GCTCTCGTTG","P115.E.WCOA21_MiDeca_run5_R1.fastq.gz","P115.E.WCOA21_MiDeca_run5_R2.fastq.gz","c5e59a64ea4a1e13f1dc41a28faec2ab","087b604bf57db37ff05a4dfff2c647de","",1073712,467331.0,144.0,35.0
"P122.PE.WCOA21","lsu16s_2051-2438_mideca_komai","P27","P122.PE.WCOA21_MiDeca_run5","pmel_ome_run5",0.8,"nM","Qubit Fluorometer",35,"TCGTTGCTGC","GTCTCGTGAA","P122.PE.WCOA21_MiDeca_run5_R1.fastq.gz","P122.PE.WCOA21_MiDeca_run5_R2.fastq.gz","dbbdf07c806abfd9b499a8b25ffb845e","aabf7cffe78e421f6c244f7d55442284","",869672,815504.0,54.0,19.0
"P123.PE.WCOA21","lsu16s_2051-2438_mideca_komai","P27","P123.PE.WCOA21_MiDeca_run5","pmel_ome_run5",0.8,"nM","Qubit Fluorometer",35,"CGACAAGGAT","AAGGCCACCT","P123.PE.WCOA21_MiDeca_run5_R1.fastq.gz","P123.PE.WCOA21_MiDeca_run5_R2.fastq.gz","69125afb1350a84b514055e6fbe0f11c","3492ef01a808916100f2b308184ebb55","",669184,417053.0,49.0,27.0
"P125.PE.WCOA21","lsu16s_2051-2438_mideca_komai","P27","P125.PE.WCOA21_MiDeca_run5","pmel_ome_run5",0.8,"nM","Qubit Fluorometer",35,"ACCTGGCCAA","TCACAGATCG","P125.PE.WCOA21_MiDeca_run5_R1.fastq.gz","P125.PE.WCOA21_MiDeca_run5_R2.fastq.gz","46ae6f873d7021bd167db78399dec3dd","450d61e4f7a8c1b56775402e63fed038","",785541,438821.0,49.0,24.0
"P126.PE.WCOA21","lsu16s_2051-2438_mideca_komai","P27","P126.PE.WCOA21_MiDeca_run5","pmel_ome_run5",0.8,"nM","Qubit Fluorometer",35,"TGTCTGGCCT","AGAAGCCAAT","P126.PE.WCOA21_MiDeca_run5_R1.fastq.gz","P126.PE.WCOA21_MiDeca_run5_R2.fastq.gz","79f1051e6dfa4c06023cc9063253b45e","4fb6755a916dfe734e7519d6500cb009","",614378,578929.0,54.0,11.0
"P131.PE.WCOA21","lsu16s_2051-2438_mideca_komai","P27","P131.PE.WCOA21_MiDeca_run5","pmel_ome_run5",0.8,"nM","Qubit Fluorometer",35,"AGTTAATGCT","ACTGCAGCCG","P131.PE.WCOA21_MiDeca_run5_R1.fastq.gz","P131.PE.WCOA21_MiDeca_run5_R2.fastq.gz","23acadb6e500d825b9d6cb6a3a28b298","24cea833dc6f194a098ef25af96cb3e6","",360581,255535.0,75.0,24.0
"P133.PE.WCOA21","lsu16s_2051-2438_mideca_komai","P27","P133.PE.WCOA21_MiDeca_run5","pmel_ome_run5",0.8,"nM","Qubit Fluorometer",35,"GGTGAGTAAT","AACATCTAGT","P133.PE.WCOA21_MiDeca_run5_R1.fastq.gz","P133.PE.WCOA21_MiDeca_run5_R2.fastq.gz","ae71ffbcf6c678aefd9db672f7f653b2","a67b4eab76806b4661bba8dd60455f82","",840806,774836.0,80.0,23.0
"P134.PE.WCOA21","lsu16s_2051-2438_mideca_komai","P27","P134.PE.WCOA21_MiDeca_run5","pmel_ome_run5",0.8,"nM","Qubit Fluorometer",35,"TACTCTGCGC","CCTTACTATG","P134.PE.WCOA21_MiDeca_run5_R1.fastq.gz","P134.PE.WCOA21_MiDeca_run5_R2.fastq.gz","3dc28e194b57b41f434ff75883f68882","fc9532301d1d2507876186f4a276a0f1","",936428,611597.0,108.0,32.0
"P135.PE.WCOA21","lsu16s_2051-2438_mideca_komai","P27","P135.PE.WCOA21_MiDeca_run5","pmel_ome_run5",0.8,"nM","Qubit Fluorometer",35,"AGGTATGGCG","GTGGCGAGAC","P135.PE.WCOA21_MiDeca_run5_R1.fastq.gz","P135.PE.WCOA21_MiDeca_run5_R2.fastq.gz","de2cd252eecacbed7940353e57d52604","fbd26391b85678d284495992992fc314","",631074,565687.0,58.0,20.0
"P170.PE.WCOA21","lsu16s_2051-2438_mideca_komai","P27","P170.PE.WCOA21_MiDeca_run5","pmel_ome_run5",0.8,"nM","Qubit Fluorometer",35,"TCCAGCCTGC","GCCAGATCCA","P170.PE.WCOA21_MiDeca_run5_R1.fastq.gz","P170.PE.WCOA21_MiDeca_run5_R2.fastq.gz","c7d4faf9550f29cb0a6144232b8fb591","2fd3055d354060450a219211dad7f04f","",639531,462017.0,61.0,27.0
"P172.PE.WCOA21","lsu16s_2051-2438_mideca_komai","P27","P172.PE.WCOA21_MiDeca_run5","pmel_ome_run5",0.8,"nM","Qubit Fluorometer",35,"GCCATATAAC","ACACAATATC","P172.PE.WCOA21_MiDeca_run5_R1.fastq.gz","P172.PE.WCOA21_MiDeca_run5_R2.fastq.gz","e87db9ad0c95debb4c1986b46f16cc73","1417cc1fecabec0e3d4c708ecdda4e62","",796255,739433.0,59.0,22.0
"P174.PE.WCOA21","lsu16s_2051-2438_mideca_komai","P27","P174.PE.WCOA21_MiDeca_run5","pmel_ome_run5",0.8,"nM","Qubit Fluorometer",35,"AGTGCGAGTG","TGGAGGTAAT","P174.PE.WCOA21_MiDeca_run5_R1.fastq.gz","P174.PE.WCOA21_MiDeca_run5_R2.fastq.gz","89c199dd8094b3bccb3569893c727d90","371e4dd634925446dcb5df2b6f1e790b","",655016,249388.0,31.0,16.0
"P101.E.PE.WCOA21","lsu16s_2051-2438_mideca_komai","P27","P101.E.PE.WCOA21_MiDeca_run5","pmel_ome_run5",0.8,"nM","Qubit Fluorometer",35,"CTGAGCCGGT","CCTTCACGTA","P101.E.PE.WCOA21_MiDeca_run5_R1.fastq.gz","P101.E.PE.WCOA21_MiDeca_run5_R2.fastq.gz","814ed209a5b7fd9abe1706d1073694c8","133cb07a7db5184c71579e4aae52eefc","",706581,662882.0,49.0,17.0
"P102.E.PE.WCOA21","lsu16s_2051-2438_mideca_komai","P27","P102.E.PE.WCOA21_MiDeca_run5","pmel_ome_run5",0.8,"nM","Qubit Fluorometer",35,"AACGGTCTAT","CTATACGCGG","P102.E.PE.WCOA21_MiDeca_run5_R1.fastq.gz","P102.E.PE.WCOA21_MiDeca_run5_R2.fastq.gz","cbfcfe21ca4c1cdb657f61a630f5d5f8","2ad053cf9df151b2b192cef061c656c6","",629695,575852.0,29.0,11.0
"P103.E.PE.WCOA21","lsu16s_2051-2438_mideca_komai","P27","P103.E.PE.WCOA21_MiDeca_run5","pmel_ome_run5",0.8,"nM","Qubit Fluorometer",35,"GTTGCGTTCA","GTTGCAGTTG","P103.E.PE.WCOA21_MiDeca_run5_R1.fastq.gz","P103.E.PE.WCOA21_MiDeca_run5_R2.fastq.gz","45b86efe789249497fdd8e52425ca57d","8bab1e68251db2eb2cacca1d07517586","",529524,462413.0,31.0,8.0
"P104.E.PE.WCOA21","lsu16s_2051-2438_mideca_komai","P27","P104.E.PE.WCOA21_MiDeca_run5","pmel_ome_run5",0.8,"nM","Qubit Fluorometer",35,"CTTCAACCAC","TTATGCGCCT","P104.E.PE.WCOA21_MiDeca_run5_R1.fastq.gz","P104.E.PE.WCOA21_MiDeca_run5_R2.fastq.gz","9e570ea45ec66e4ea0305f980a07438f","cdba389e582328e3a73c7acc833c2f98","",726628,550477.0,77.0,30.0
"P106.E.PE.WCOA21","lsu16s_2051-2438_mideca_komai","P27","P106.E.PE.WCOA21_MiDeca_run5","pmel_ome_run5",0.8,"nM","Qubit Fluorometer",35,"CAAGACGTCC","AGTATACGGA","P106.E.PE.WCOA21_MiDeca_run5_R1.fastq.gz","P106.E.PE.WCOA21_MiDeca_run5_R2.fastq.gz","2f20d403c30173dc6b3b052271f6d7e9","c26ba88241099815230695e55671d8c0","",648639,615534.0,23.0,5.0
"P107.E.PE.WCOA21","lsu16s_2051-2438_mideca_komai","P27","P107.E.PE.WCOA21_MiDeca_run5","pmel_ome_run5",0.8,"nM","Qubit Fluorometer",35,"TGAGTACAAC","ACGCTTGGAC","P107.E.PE.WCOA21_MiDeca_run5_R1.fastq.gz","P107.E.PE.WCOA21_MiDeca_run5_R2.fastq.gz","41b891035d9fa62688fbecb93a76e8f5","b0b2215b6c4a62f370ff76d2a9323bf1","",459584,357053.0,19.0,8.0
"P109.E.PE.WCOA21","lsu16s_2051-2438_mideca_komai","P27","P109.E.PE.WCOA21_MiDeca_run5","pmel_ome_run5",0.8,"nM","Qubit Fluorometer",35,"CCGCGGTTCT","GGAGTAGATT","P109.E.PE.WCOA21_MiDeca_run5_R1.fastq.gz","P109.E.PE.WCOA21_MiDeca_run5_R2.fastq.gz","9dff9ecc726c55043d1fe8f6e50f4dba","0625c19d5d537dae69f51021fb6203bc","",746909,589422.0,109.0,24.0
"P110.E.PE.WCOA21","lsu16s_2051-2438_mideca_komai","P27","P110.E.PE.WCOA21_MiDeca_run5","pmel_ome_run5",0.8,"nM","Qubit Fluorometer",35,"ATTGATACTG","TACACGCTCC","P110.E.PE.WCOA21_MiDeca_run5_R1.fastq.gz","P110.E.PE.WCOA21_MiDeca_run5_R2.fastq.gz","ec25262e9e4b359d10d41dd3d3c32d6f","08ddefaf2e5581358d490f01ac715b42","",944109,719397.0,88.0,25.0
"P111.E.PE.WCOA21","lsu16s_2051-2438_mideca_komai","P27","P111.E.PE.WCOA21_MiDeca_run5","pmel_ome_run5",0.8,"nM","Qubit Fluorometer",35,"GGATTATGGA","TCCGATAGAG","P111.E.PE.WCOA21_MiDeca_run5_R1.fastq.gz","P111.E.PE.WCOA21_MiDeca_run5_R2.fastq.gz","d15accefd1afe87bd2dca6ffb4c26249","b417e79d5e77a671a8589ae3b6aa89d1","",561396,495176.0,70.0,22.0
"P112.E.PE.WCOA21","lsu16s_2051-2438_mideca_komai","P27","P112.E.PE.WCOA21_MiDeca_run5","pmel_ome_run5",0.8,"nM","Qubit Fluorometer",35,"TGGTTCTCAT","CTCAAGGCCG","P112.E.PE.WCOA21_MiDeca_run5_R1.fastq.gz","P112.E.PE.WCOA21_MiDeca_run5_R2.fastq.gz","399a216419e770ed0298a1806f507602","789d325cffa5502f232663c99a8e1738","",817271,726704.0,130.0,34.0
"P113.E.PE.WCOA21","lsu16s_2051-2438_mideca_komai","P27","P113.E.PE.WCOA21_MiDeca_run5","pmel_ome_run5",0.8,"nM","Qubit Fluorometer",35,"TCAACCACGA","CAAGTTCATA","P113.E.PE.WCOA21_MiDeca_run5_R1.fastq.gz","P113.E.PE.WCOA21_MiDeca_run5_R2.fastq.gz","8fb309b4785ad82c0cba034ba1361d77","114601906ee42128a50a23531952e3b0","",903896,709457.0,147.0,34.0
"P114.E.PE.WCOA21","lsu16s_2051-2438_mideca_komai","P27","P114.E.PE.WCOA21_MiDeca_run5","pmel_ome_run5",0.8,"nM","Qubit Fluorometer",35,"TATGAACTTG","AATCCTTAGG","P114.E.PE.WCOA21_MiDeca_run5_R1.fastq.gz","P114.E.PE.WCOA21_MiDeca_run5_R2.fastq.gz","bd3a4613b87fe28033aedb3a14353fdb","ae48d6a60eb44746ff7198cb66e6b3b5","",511305,423031.0,1.0,1.0
"P115.E.PE.WCOA21","lsu16s_2051-2438_mideca_komai","P27","P115.E.PE.WCOA21_MiDeca_run5","pmel_ome_run5",0.8,"nM","Qubit Fluorometer",35,"AGTGGTTAAG","GGTGGAATAC","P115.E.PE.WCOA21_MiDeca_run5_R1.fastq.gz","P115.E.PE.WCOA21_MiDeca_run5_R2.fastq.gz","b0ee61af6a117d548cd30bf1bb9a4a0d","47ccc2dd9c774e4bb6d6080ba6de75da","",712929,607210.0,76.0,21.0
"run5.MiDeca.POSITIVE","lsu16s_2051-2438_mideca_komai","P27","run5.MiDeca.POSITIVE_MiDeca_run5","pmel_ome_run5",0.8,"nM","Qubit Fluorometer",35,"TCTTGTCGGC","CCACCTGTGT","run5.MiDeca.POSITIVE_MiDeca_run5_R1.fastq.gz","run5.MiDeca.POSITIVE_MiDeca_run5_R2.fastq.gz","e0d87963a52c1b001f517a67c79c7e63","9feadf67ab656ba221801903f43a4e5a","",702116,260152.0,14.0,2.0
"P109.E.WCOA21","COI_1835-2198_lerayfolmer","P27","P109.E.WCOA21_COI_run5","pmel_ome_run5",0.8,"nM","Qubit Fluorometer",35,"CGCATTCCGT","ATTAGTGGAG","P109.E.WCOA21_COI_run5_R1.fastq.gz","P109.E.WCOA21_COI_run5_R2.fastq.gz","fd819ac72500884087614e0e677fe7ed","1e2ec2f027f1d1ee2462f63ad8a42dd2","",169961,106914.0,372.0,90.0
"P110.E.WCOA21","COI_1835-2198_lerayfolmer","P27","P110.E.WCOA21_COI_run5","pmel_ome_run5",0.8,"nM","Qubit Fluorometer",35,"GATATCACAC","GACTATATGT","P110.E.WCOA21_COI_run5_R1.fastq.gz","P110.E.WCOA21_COI_run5_R2.fastq.gz","f42d9eaea2666f9ec6f958b6a8a4ebce","00c647958736f0f14d830643fea9cbbe","",148241,107921.0,465.0,138.0
"P111.E.WCOA21","COI_1835-2198_lerayfolmer","P27","P111.E.WCOA21_COI_run5","pmel_ome_run5",0.8,"nM","Qubit Fluorometer",35,"AGCGCTGTGT","CGTTCGGAAC","P111.E.WCOA21_COI_run5_R1.fastq.gz","P111.E.WCOA21_COI_run5_R2.fastq.gz","e13d70e4c93dfe3bc65b0ad4023a8a53","3d8a71b0df722c38e1c25852760b156b","",169864,134013.0,250.0,89.0
"P112.E.WCOA21","COI_1835-2198_lerayfolmer","P27","P112.E.WCOA21_COI_run5","pmel_ome_run5",0.8,"nM","Qubit Fluorometer",35,"TCACCGCGCT","TCGATACTAG","P112.E.WCOA21_COI_run5_R1.fastq.gz","P112.E.WCOA21_COI_run5_R2.fastq.gz","bdf0b133117ec63d63f05651361ce297","dcf627ac5a064c3d29fb1d0a7d1bd28a","",155062,104093.0,507.0,139.0
"P113.E.WCOA21","COI_1835-2198_lerayfolmer","P27","P113.E.WCOA21_COI_run5","pmel_ome_run5",0.8,"nM","Qubit Fluorometer",35,"GATAGCCTTG","TACCACAATG","P113.E.WCOA21_COI_run5_R1.fastq.gz","P113.E.WCOA21_COI_run5_R2.fastq.gz","cfdb38b6359490515a351c908f2f7c12","920561116f2970612c0429c3e7e90f27","",148000,98713.0,344.0,122.0
"P114.E.WCOA21","COI_1835-2198_lerayfolmer","P27","P114.E.WCOA21_COI_run5","pmel_ome_run5",0.8,"nM","Qubit Fluorometer",35,"CCTGGACGCA","TGGTATACCA","P114.E.WCOA21_COI_run5_R1.fastq.gz","P114.E.WCOA21_COI_run5_R2.fastq.gz","373a67d4acc58be030727068ddc5b959","cc1af87326c9f2802b875acb27f1de8a","",143308,77956.0,361.0,105.0
"P115.E.WCOA21","COI_1835-2198_lerayfolmer","P27","P115.E.WCOA21_COI_run5","pmel_ome_run5",0.8,"nM","Qubit Fluorometer",35,"TTACGCACCT","GCTCTCGTTG","P115.E.WCOA21_COI_run5_R1.fastq.gz","P115.E.WCOA21_COI_run5_R2.fastq.gz","51332c0aafea3563d010bbbd3bb977ad","5f25ecd213fc7b8b6e2fa7b5f0158bd4","",158215,104491.0,549.0,156.0
"P122.PE.WCOA21","COI_1835-2198_lerayfolmer","P27","P122.PE.WCOA21_COI_run5","pmel_ome_run5",0.8,"nM","Qubit Fluorometer",35,"TCGTTGCTGC","GTCTCGTGAA","P122.PE.WCOA21_COI_run5_R1.fastq.gz","P122.PE.WCOA21_COI_run5_R2.fastq.gz","6c07d3f8d8e80be8ed1d85a23071bf99","9b33248ecd369fd905c24e72f748f223","",154864,77638.0,423.0,70.0
"P123.PE.WCOA21","COI_1835-2198_lerayfolmer","P27","P123.PE.WCOA21_COI_run5","pmel_ome_run5",0.8,"nM","Qubit Fluorometer",35,"CGACAAGGAT","AAGGCCACCT","P123.PE.WCOA21_COI_run5_R1.fastq.gz","P123.PE.WCOA21_COI_run5_R2.fastq.gz","028188de7d56bbcbd5cd94cc875067b6","d658860bf811bc2188794ff7071683ae","",144957,103985.0,348.0,98.0
"P124.PE.WCOA21","COI_1835-2198_lerayfolmer","P27","P124.PE.WCOA21_COI_run5","pmel_ome_run5",0.8,"nM","Qubit Fluorometer",35,"GTGTACCTTC","CTGTGAGCTA","P124.PE.WCOA21_COI_run5_R1.fastq.gz","P124.PE.WCOA21_COI_run5_R2.fastq.gz","dc72769f803f8b5070e64e8b08e93573","19155eeb21a8204c1db30ed706b71803","",9156,7557.0,27.0,20.0
"P125.PE.WCOA21","COI_1835-2198_lerayfolmer","P27","P125.PE.WCOA21_COI_run5","pmel_ome_run5",0.8,"nM","Qubit Fluorometer",35,"ACCTGGCCAA","TCACAGATCG","P125.PE.WCOA21_COI_run5_R1.fastq.gz","P125.PE.WCOA21_COI_run5_R2.fastq.gz","0ed4e8aa67487c92ffa35a87975b5185","433ea6d8ba2f949b094202a715ceecd7","",147824,90883.0,405.0,86.0
"P126.PE.WCOA21","COI_1835-2198_lerayfolmer","P27","P126.PE.WCOA21_COI_run5","pmel_ome_run5",0.8,"nM","Qubit Fluorometer",35,"TGTCTGGCCT","AGAAGCCAAT","P126.PE.WCOA21_COI_run5_R1.fastq.gz","P126.PE.WCOA21_COI_run5_R2.fastq.gz","9be1288c5dddd4b62bcc629b5b289196","df4d24068d36aa9e57f495d6b2cfbfd7","",153072,113147.0,397.0,47.0
"P131.PE.WCOA21","COI_1835-2198_lerayfolmer","P27","P131.PE.WCOA21_COI_run5","pmel_ome_run5",0.8,"nM","Qubit Fluorometer",35,"AGTTAATGCT","ACTGCAGCCG","P131.PE.WCOA21_COI_run5_R1.fastq.gz","P131.PE.WCOA21_COI_run5_R2.fastq.gz","14c0189ab8b59babb54eff07e8deb068","9aacf319d8795833ae64b0414b15775d","",192741,140397.0,449.0,121.0
"P133.PE.WCOA21","COI_1835-2198_lerayfolmer","P27","P133.PE.WCOA21_COI_run5","pmel_ome_run5",0.8,"nM","Qubit Fluorometer",35,"GGTGAGTAAT","AACATCTAGT","P133.PE.WCOA21_COI_run5_R1.fastq.gz","P133.PE.WCOA21_COI_run5_R2.fastq.gz","40df279e7e6ad0ad7a2b8e6e3cf86495","7529aca46a36994580b860c8dec856d0","",160731,110318.0,564.0,126.0
"P134.PE.WCOA21","COI_1835-2198_lerayfolmer","P27","P134.PE.WCOA21_COI_run5","pmel_ome_run5",0.8,"nM","Qubit Fluorometer",35,"TACTCTGCGC","CCTTACTATG","P134.PE.WCOA21_COI_run5_R1.fastq.gz","P134.PE.WCOA21_COI_run5_R2.fastq.gz","ddbae024bb750ab9f515de76808e9b6b","a43db99a01bd800a938bedf6dd0d62f5","",161047,107279.0,535.0,143.0
"P135.PE.WCOA21","COI_1835-2198_lerayfolmer","P27","P135.PE.WCOA21_COI_run5","pmel_ome_run5",0.8,"nM","Qubit Fluorometer",35,"AGGTATGGCG","GTGGCGAGAC","P135.PE.WCOA21_COI_run5_R1.fastq.gz","P135.PE.WCOA21_COI_run5_R2.fastq.gz","907d30df1929782e8ceeb394cb120f91","744b0eeac17c40c61ba13bbc0c233cad","",194868,111795.0,591.0,147.0
"P170.PE.WCOA21","COI_1835-2198_lerayfolmer","P27","P170.PE.WCOA21_COI_run5","pmel_ome_run5",0.8,"nM","Qubit Fluorometer",35,"TCCAGCCTGC","GCCAGATCCA","P170.PE.WCOA21_COI_run5_R1.fastq.gz","P170.PE.WCOA21_COI_run5_R2.fastq.gz","1188e427c90b9a5d5987f4fdc87e25ae","e10e878361be921af23425665ed8bb61","",147902,108197.0,536.0,97.0
"P172.PE.WCOA21","COI_1835-2198_lerayfolmer","P27","P172.PE.WCOA21_COI_run5","pmel_ome_run5",0.8,"nM","Qubit Fluorometer",35,"GCCATATAAC","ACACAATATC","P172.PE.WCOA21_COI_run5_R1.fastq.gz","P172.PE.WCOA21_COI_run5_R2.fastq.gz","74a197e7c627ff6408ef88328f2be0ef","479c5184e89bb8afafed53329b307673","",165582,104832.0,607.0,110.0
"P174.PE.WCOA21","COI_1835-2198_lerayfolmer","P27","P174.PE.WCOA21_COI_run5","pmel_ome_run5",0.8,"nM","Qubit Fluorometer",35,"AGTGCGAGTG","TGGAGGTAAT","P174.PE.WCOA21_COI_run5_R1.fastq.gz","P174.PE.WCOA21_COI_run5_R2.fastq.gz","8482cd5727583f262481f5cee26c6cfe","78603c4c6c9a0740b69834c37bd9e00f","",119270,97589.0,162.0,43.0
"P101.E.PE.WCOA21","COI_1835-2198_lerayfolmer","P27","P101.E.PE.WCOA21_COI_run5","pmel_ome_run5",0.8,"nM","Qubit Fluorometer",35,"CTGAGCCGGT","CCTTCACGTA","P101.E.PE.WCOA21_COI_run5_R1.fastq.gz","P101.E.PE.WCOA21_COI_run5_R2.fastq.gz","44f08afe7bc6eb55e31cfa4a4bdece9d","69c4972050127121e565c8cfa2aacd03","",164581,88385.0,426.0,58.0
"P102.E.PE.WCOA21","COI_1835-2198_lerayfolmer","P27","P102.E.PE.WCOA21_COI_run5","pmel_ome_run5",0.8,"nM","Qubit Fluorometer",35,"AACGGTCTAT","CTATACGCGG","P102.E.PE.WCOA21_COI_run5_R1.fastq.gz","P102.E.PE.WCOA21_COI_run5_R2.fastq.gz","b119e1b34ca9506442909ecc5bb6ff64","c19a19f2287ff7da8b4ddbd2552e787f","",160349,87338.0,450.0,90.0
"P103.E.PE.WCOA21","COI_1835-2198_lerayfolmer","P27","P103.E.PE.WCOA21_COI_run5","pmel_ome_run5",0.8,"nM","Qubit Fluorometer",35,"GTTGCGTTCA","GTTGCAGTTG","P103.E.PE.WCOA21_COI_run5_R1.fastq.gz","P103.E.PE.WCOA21_COI_run5_R2.fastq.gz","d995e4c4cbd4c577e51c73c6294c0311","90187f736bb19d2c34f9f5132409f336","",157342,74933.0,337.0,58.0
"P104.E.PE.WCOA21","COI_1835-2198_lerayfolmer","P27","P104.E.PE.WCOA21_COI_run5","pmel_ome_run5",0.8,"nM","Qubit Fluorometer",35,"CTTCAACCAC","TTATGCGCCT","P104.E.PE.WCOA21_COI_run5_R1.fastq.gz","P104.E.PE.WCOA21_COI_run5_R2.fastq.gz","b6b65739478673d6f3a612edae03cda2","48df5839cd9cbe42ebf5b45952fc7ef0","",167737,99909.0,510.0,122.0
"P105.E.PE.WCOA21","COI_1835-2198_lerayfolmer","P27","P105.E.PE.WCOA21_COI_run5","pmel_ome_run5",0.8,"nM","Qubit Fluorometer",35,"TCTATTCAGT","TCTCAGTACA","P105.E.PE.WCOA21_COI_run5_R1.fastq.gz","P105.E.PE.WCOA21_COI_run5_R2.fastq.gz","afacd0da412bd08d973209372b1d4af7","005ffdbbd9771bf716aaf13abcecffff","",136570,102030.0,207.0,51.0
"P106.E.PE.WCOA21","COI_1835-2198_lerayfolmer","P27","P106.E.PE.WCOA21_COI_run5","pmel_ome_run5",0.8,"nM","Qubit Fluorometer",35,"CAAGACGTCC","AGTATACGGA","P106.E.PE.WCOA21_COI_run5_R1.fastq.gz","P106.E.PE.WCOA21_COI_run5_R2.fastq.gz","d6dd86448bfe7f238acb3b30bbf1c1fd","30e1dad913cb76009ba530e900dc3a1d","",154172,107052.0,340.0,47.0
"P107.E.PE.WCOA21","COI_1835-2198_lerayfolmer","P27","P107.E.PE.WCOA21_COI_run5","pmel_ome_run5",0.8,"nM","Qubit Fluorometer",35,"TGAGTACAAC","ACGCTTGGAC","P107.E.PE.WCOA21_COI_run5_R1.fastq.gz","P107.E.PE.WCOA21_COI_run5_R2.fastq.gz","1b5ca04ada72feab5c9d3d5bafc8e9a8","3138cd492e42ed28a5b6c00a5ca7fb82","",89690,59385.0,387.0,45.0
"P109.E.PE.WCOA21","COI_1835-2198_lerayfolmer","P27","P109.E.PE.WCOA21_COI_run5","pmel_ome_run5",0.8,"nM","Qubit Fluorometer",35,"CCGCGGTTCT","GGAGTAGATT","P109.E.PE.WCOA21_COI_run5_R1.fastq.gz","P109.E.PE.WCOA21_COI_run5_R2.fastq.gz","43c1dca04c53eab1572aa39db0ca258a","28a80dad1d0412cd5fa2901c32e9c222","",149997,87347.0,583.0,95.0
"P110.E.PE.WCOA21","COI_1835-2198_lerayfolmer","P27","P110.E.PE.WCOA21_COI_run5","pmel_ome_run5",0.8,"nM","Qubit Fluorometer",35,"ATTGATACTG","TACACGCTCC","P110.E.PE.WCOA21_COI_run5_R1.fastq.gz","P110.E.PE.WCOA21_COI_run5_R2.fastq.gz","0d44e2bcbcd17cf387cf6c2c9ad20453","dbbcaa99012aeba35c035e9656753232","",174094,124243.0,413.0,100.0
"P111.E.PE.WCOA21","COI_1835-2198_lerayfolmer","P27","P111.E.PE.WCOA21_COI_run5","pmel_ome_run5",0.8,"nM","Qubit Fluorometer",35,"GGATTATGGA","TCCGATAGAG","P111.E.PE.WCOA21_COI_run5_R1.fastq.gz","P111.E.PE.WCOA21_COI_run5_R2.fastq.gz","0cf7d509cd48d2e3b096d5290fec3596","70c418c4f9e6d2793ae40dd2a60deb9a","",132518,93103.0,422.0,80.0
"P112.E.PE.WCOA21","COI_1835-2198_lerayfolmer","P27","P112.E.PE.WCOA21_COI_run5","pmel_ome_run5",0.8,"nM","Qubit Fluorometer",35,"TGGTTCTCAT","CTCAAGGCCG","P112.E.PE.WCOA21_COI_run5_R1.fastq.gz","P112.E.PE.WCOA21_COI_run5_R2.fastq.gz","439fe58e0c0602d301ff19a78e2c346b","c44cd2113ac2ed395602c6d4e710d4e1","",168114,114711.0,567.0,147.0
"P113.E.PE.WCOA21","COI_1835-2198_lerayfolmer","P27","P113.E.PE.WCOA21_COI_run5","pmel_ome_run5",0.8,"nM","Qubit Fluorometer",35,"TCAACCACGA","CAAGTTCATA","P113.E.PE.WCOA21_COI_run5_R1.fastq.gz","P113.E.PE.WCOA21_COI_run5_R2.fastq.gz","6f4d5cc7eac85a61ba9d50269e5f9de3","eb0fb4bec8014fdbd011268272488408","",169171,89463.0,618.0,170.0
"P114.E.PE.WCOA21","COI_1835-2198_lerayfolmer","P27","P114.E.PE.WCOA21_COI_run5","pmel_ome_run5",0.8,"nM","Qubit Fluorometer",35,"TATGAACTTG","AATCCTTAGG","P114.E.PE.WCOA21_COI_run5_R1.fastq.gz","P114.E.PE.WCOA21_COI_run5_R2.fastq.gz","b08209167fe14d0f4451ca5436846cfc","09ffef508999c32f72f37f60c1a0b9b9","",235582,100464.0,562.0,128.0
"P115.E.PE.WCOA21","COI_1835-2198_lerayfolmer","P27","P115.E.PE.WCOA21_COI_run5","pmel_ome_run5",0.8,"nM","Qubit Fluorometer",35,"AGTGGTTAAG","GGTGGAATAC","P115.E.PE.WCOA21_COI_run5_R1.fastq.gz","P115.E.PE.WCOA21_COI_run5_R2.fastq.gz","8d20feee2ce303da488a5c5eb5ef17d7","d4033ea08a5bf21f85fba36894bdeae9","",130225,60325.0,481.0,118.0
"run5.Kelly16S.POSITIVE","lsu16s_2434-2571_kelly","P30","run5.Kelly16S.POSITIVE_Kelly16S_run5","pmel_ome_run5",0.8,"nM","Qubit Fluorometer",35,"CACACAGTAT","TTGAGCCTAA","run5.Kelly16S.POSITIVE_Kelly16S_run5_R1.fastq.gz","run5.Kelly16S.POSITIVE_Kelly16S_run5_R2.fastq.gz","2b7f5dac539c236f9a97668e3da2159b","69b098b511a26e91acd02452c137760c","",543225,527009.0,44.0,20.0
